dataset_id	method_id	metric_id	subtask	value	value_after_default
openproblems_bmmc_multiome_phase1_PM_gex2atac	dummy_solution	mean_pearson_per_cell	GEX2ATAC	1.0000000000000002	1.0000000000000002
openproblems_bmmc_multiome_phase1_PM_gex2atac	dummy_solution	mean_spearman_per_cell	GEX2ATAC	1	1
openproblems_bmmc_multiome_phase1_PM_gex2atac	dummy_solution	mean_pearson_per_gene	GEX2ATAC	0.9999999999999991	0.9999999999999991
openproblems_bmmc_multiome_phase1_PM_gex2atac	dummy_solution	mean_spearman_per_gene	GEX2ATAC	1	1
openproblems_bmmc_multiome_phase1_PM_gex2atac	dummy_solution	overall_pearson	GEX2ATAC	1	1
openproblems_bmmc_multiome_phase1_PM_gex2atac	dummy_solution	overall_spearman	GEX2ATAC	0.9999999999999998	0.9999999999999998
openproblems_bmmc_multiome_iid_PM_gex2atac	dummy_solution	mean_pearson_per_cell	GEX2ATAC	1.0000000000000004	1.0000000000000004
openproblems_bmmc_multiome_iid_PM_gex2atac	dummy_solution	mean_spearman_per_cell	GEX2ATAC	1	1
openproblems_bmmc_multiome_iid_PM_gex2atac	dummy_solution	mean_pearson_per_gene	GEX2ATAC	1.0000000000000007	1.0000000000000007
openproblems_bmmc_multiome_iid_PM_gex2atac	dummy_solution	mean_spearman_per_gene	GEX2ATAC	1	1
openproblems_bmmc_multiome_iid_PM_gex2atac	dummy_solution	overall_pearson	GEX2ATAC	1	1
openproblems_bmmc_multiome_iid_PM_gex2atac	dummy_solution	overall_spearman	GEX2ATAC	1	1
openproblems_bmmc_cite_iid_PM_adt2gex	dummy_solution	mean_pearson_per_cell	ADT2GEX	0.9999999999999984	0.9999999999999984
openproblems_bmmc_cite_iid_PM_adt2gex	dummy_solution	mean_spearman_per_cell	ADT2GEX	1	1
openproblems_bmmc_cite_iid_PM_adt2gex	dummy_solution	mean_pearson_per_gene	ADT2GEX	0.9999999999999983	0.9999999999999983
openproblems_bmmc_cite_iid_PM_adt2gex	dummy_solution	mean_spearman_per_gene	ADT2GEX	1	1
openproblems_bmmc_cite_iid_PM_adt2gex	dummy_solution	overall_pearson	ADT2GEX	1	1
openproblems_bmmc_cite_iid_PM_adt2gex	dummy_solution	overall_spearman	ADT2GEX	0.9999999999999999	0.9999999999999999
openproblems_bmmc_cite_iid_PM_gex2adt	dummy_solution	mean_pearson_per_cell	GEX2ADT	1	1
openproblems_bmmc_cite_iid_PM_gex2adt	dummy_solution	mean_spearman_per_cell	GEX2ADT	1	1
openproblems_bmmc_cite_iid_PM_gex2adt	dummy_solution	mean_pearson_per_gene	GEX2ADT	0.999999999999991	0.999999999999991
openproblems_bmmc_cite_iid_PM_gex2adt	dummy_solution	mean_spearman_per_gene	GEX2ADT	1	1
openproblems_bmmc_cite_iid_PM_gex2adt	dummy_solution	overall_pearson	GEX2ADT	1	1
openproblems_bmmc_cite_iid_PM_gex2adt	dummy_solution	overall_spearman	GEX2ADT	1	1
openproblems_bmmc_cite_phase1_PM_gex2adt	dummy_solution	finished	GEX2ADT	1	1
openproblems_bmmc_cite_phase1_PM_gex2adt	dummy_solution	correct_format	GEX2ADT	1	1
openproblems_bmmc_multiome_phase1_PM_gex2atac	dummy_solution	finished	GEX2ATAC	1	1
openproblems_bmmc_multiome_phase1_PM_gex2atac	dummy_solution	correct_format	GEX2ATAC	1	1
openproblems_bmmc_cite_phase1_PM_gex2adt	dummy_solution	mse	GEX2ADT	NA	NA
openproblems_bmmc_cite_phase1_PM_gex2adt	dummy_solution	rmse	GEX2ADT	NA	NA
openproblems_bmmc_cite_phase1_PM_gex2adt	dummy_solution	logp1_mse	GEX2ADT	NA	NA
openproblems_bmmc_cite_phase1_PM_gex2adt	dummy_solution	logp1_rmse	GEX2ADT	NA	NA
openproblems_bmmc_cite_phase1_PM_gex2adt	dummy_solution	mae	GEX2ADT	NA	NA
openproblems_bmmc_cite_iid_PM_adt2gex	dummy_solution	mse	ADT2GEX	0	0
openproblems_bmmc_cite_iid_PM_adt2gex	dummy_solution	rmse	ADT2GEX	0	0
openproblems_bmmc_cite_iid_PM_adt2gex	dummy_solution	logp1_mse	ADT2GEX	0	0
openproblems_bmmc_cite_iid_PM_adt2gex	dummy_solution	logp1_rmse	ADT2GEX	0	0
openproblems_bmmc_cite_iid_PM_adt2gex	dummy_solution	mae	ADT2GEX	0	0
openproblems_bmmc_multiome_iid_PM_atac2gex	dummy_solution	mean_pearson_per_cell	ATAC2GEX	0.9999999999999987	0.9999999999999987
openproblems_bmmc_multiome_iid_PM_atac2gex	dummy_solution	mean_spearman_per_cell	ATAC2GEX	1	1
openproblems_bmmc_multiome_iid_PM_atac2gex	dummy_solution	mean_pearson_per_gene	ATAC2GEX	0.9999999999999992	0.9999999999999992
openproblems_bmmc_multiome_iid_PM_atac2gex	dummy_solution	mean_spearman_per_gene	ATAC2GEX	1	1
openproblems_bmmc_multiome_iid_PM_atac2gex	dummy_solution	overall_pearson	ATAC2GEX	0.9999999999999998	0.9999999999999998
openproblems_bmmc_multiome_iid_PM_atac2gex	dummy_solution	overall_spearman	ATAC2GEX	0.9999999999999999	0.9999999999999999
openproblems_bmmc_cite_iid_PM_adt2gex	dummy_solution	finished	ADT2GEX	1	1
openproblems_bmmc_cite_iid_PM_adt2gex	dummy_solution	correct_format	ADT2GEX	1	1
openproblems_bmmc_cite_iid_PM_gex2adt	dummy_solution	mse	GEX2ADT	0	0
openproblems_bmmc_cite_iid_PM_gex2adt	dummy_solution	rmse	GEX2ADT	0	0
openproblems_bmmc_cite_iid_PM_gex2adt	dummy_solution	logp1_mse	GEX2ADT	0	0
openproblems_bmmc_cite_iid_PM_gex2adt	dummy_solution	logp1_rmse	GEX2ADT	0	0
openproblems_bmmc_cite_iid_PM_gex2adt	dummy_solution	mae	GEX2ADT	0	0
openproblems_bmmc_multiome_iid_PM_gex2atac	dummy_solution	mse	GEX2ATAC	0	0
openproblems_bmmc_multiome_iid_PM_gex2atac	dummy_solution	rmse	GEX2ATAC	0	0
openproblems_bmmc_multiome_iid_PM_gex2atac	dummy_solution	logp1_mse	GEX2ATAC	0	0
openproblems_bmmc_multiome_iid_PM_gex2atac	dummy_solution	logp1_rmse	GEX2ATAC	0	0
openproblems_bmmc_multiome_iid_PM_gex2atac	dummy_solution	mae	GEX2ATAC	0	0
openproblems_bmmc_cite_iid_PM_gex2adt	dummy_solution	finished	GEX2ADT	1	1
openproblems_bmmc_cite_iid_PM_gex2adt	dummy_solution	correct_format	GEX2ADT	1	1
openproblems_bmmc_multiome_phase1_PM_gex2atac	dummy_solution	mse	GEX2ATAC	0	0
openproblems_bmmc_multiome_phase1_PM_gex2atac	dummy_solution	rmse	GEX2ATAC	0	0
openproblems_bmmc_multiome_phase1_PM_gex2atac	dummy_solution	logp1_mse	GEX2ATAC	0	0
openproblems_bmmc_multiome_phase1_PM_gex2atac	dummy_solution	logp1_rmse	GEX2ATAC	0	0
openproblems_bmmc_multiome_phase1_PM_gex2atac	dummy_solution	mae	GEX2ATAC	0	0
openproblems_bmmc_multiome_iid_PM_gex2atac	dummy_solution	finished	GEX2ATAC	1	1
openproblems_bmmc_multiome_iid_PM_gex2atac	dummy_solution	correct_format	GEX2ATAC	1	1
openproblems_bmmc_multiome_iid_PM_atac2gex	dummy_solution	mse	ATAC2GEX	0	0
openproblems_bmmc_multiome_iid_PM_atac2gex	dummy_solution	rmse	ATAC2GEX	0	0
openproblems_bmmc_multiome_iid_PM_atac2gex	dummy_solution	logp1_mse	ATAC2GEX	0	0
openproblems_bmmc_multiome_iid_PM_atac2gex	dummy_solution	logp1_rmse	ATAC2GEX	0	0
openproblems_bmmc_multiome_iid_PM_atac2gex	dummy_solution	mae	ATAC2GEX	0	0
openproblems_bmmc_multiome_iid_PM_atac2gex	dummy_solution	finished	ATAC2GEX	1	1
openproblems_bmmc_multiome_iid_PM_atac2gex	dummy_solution	correct_format	ATAC2GEX	1	1
openproblems_bmmc_cite_phase2_PM_adt2gex	dummy_random	mean_pearson_per_cell	ADT2GEX	0.5748342411729829	0.5748342411729829
openproblems_bmmc_cite_phase2_PM_adt2gex	dummy_random	mean_spearman_per_cell	ADT2GEX	0.3741130156240337	0.3741130156240337
openproblems_bmmc_cite_phase2_PM_adt2gex	dummy_random	mean_pearson_per_gene	ADT2GEX	0.002890678282165165	0.002890678282165165
openproblems_bmmc_cite_phase2_PM_adt2gex	dummy_random	mean_spearman_per_gene	ADT2GEX	0.00208666060686575	0.00208666060686575
openproblems_bmmc_cite_phase2_PM_adt2gex	dummy_random	overall_pearson	ADT2GEX	0.5137010742505689	0.5137010742505689
openproblems_bmmc_cite_phase2_PM_adt2gex	dummy_random	overall_spearman	ADT2GEX	0.35607742658600694	0.35607742658600694
openproblems_bmmc_cite_phase2_PM_adt2gex	dummy_random	finished	ADT2GEX	1	1
openproblems_bmmc_cite_phase2_PM_adt2gex	dummy_random	correct_format	ADT2GEX	1	1
openproblems_bmmc_cite_phase2_PM_adt2gex	dummy_random	mse	ADT2GEX	0.14795954036983489	0.14795954036983489
openproblems_bmmc_cite_phase2_PM_adt2gex	dummy_random	rmse	ADT2GEX	0.38465509273872206	0.38465509273872206
openproblems_bmmc_cite_phase2_PM_adt2gex	dummy_random	logp1_mse	ADT2GEX	0.059926581699788095	0.059926581699788095
openproblems_bmmc_cite_phase2_PM_adt2gex	dummy_random	logp1_rmse	ADT2GEX	0.14134160735372137	0.14134160735372137
openproblems_bmmc_cite_phase2_PM_adt2gex	dummy_random	mae	ADT2GEX	0.19868871783767522	0.19868871783767522
openproblems_bmmc_cite_phase2_PM_adt2gex	dummy_solution	finished	ADT2GEX	1	1
openproblems_bmmc_cite_phase2_PM_adt2gex	dummy_solution	correct_format	ADT2GEX	1	1
openproblems_bmmc_cite_phase2_PM_adt2gex	dummy_solution	mse	ADT2GEX	0	0
openproblems_bmmc_cite_phase2_PM_adt2gex	dummy_solution	rmse	ADT2GEX	0	0
openproblems_bmmc_cite_phase2_PM_adt2gex	dummy_solution	logp1_mse	ADT2GEX	0	0
openproblems_bmmc_cite_phase2_PM_adt2gex	dummy_solution	logp1_rmse	ADT2GEX	0	0
openproblems_bmmc_cite_phase2_PM_adt2gex	dummy_solution	mae	ADT2GEX	0	0
openproblems_bmmc_cite_phase2_PM_adt2gex	dummy_solution	mean_pearson_per_cell	ADT2GEX	0.9999999999999987	0.9999999999999987
openproblems_bmmc_cite_phase2_PM_adt2gex	dummy_solution	mean_spearman_per_cell	ADT2GEX	1	1
openproblems_bmmc_cite_phase2_PM_adt2gex	dummy_solution	mean_pearson_per_gene	ADT2GEX	0.9999999999999978	0.9999999999999978
openproblems_bmmc_cite_phase2_PM_adt2gex	dummy_solution	mean_spearman_per_gene	ADT2GEX	1	1
openproblems_bmmc_cite_phase2_PM_adt2gex	dummy_solution	overall_pearson	ADT2GEX	1	1
openproblems_bmmc_cite_phase2_PM_adt2gex	dummy_solution	overall_spearman	ADT2GEX	1	1
openproblems_bmmc_cite_phase2_PM_adt2gex	dummy_zeros	finished	ADT2GEX	1	1
openproblems_bmmc_cite_phase2_PM_adt2gex	dummy_zeros	correct_format	ADT2GEX	1	1
openproblems_bmmc_cite_phase2_PM_adt2gex	dummy_zeros	mean_pearson_per_cell	ADT2GEX	0	0
openproblems_bmmc_cite_phase2_PM_adt2gex	dummy_zeros	mean_spearman_per_cell	ADT2GEX	0	0
openproblems_bmmc_cite_phase2_PM_adt2gex	dummy_zeros	mean_pearson_per_gene	ADT2GEX	0	0
openproblems_bmmc_cite_phase2_PM_adt2gex	dummy_zeros	mean_spearman_per_gene	ADT2GEX	0	0
openproblems_bmmc_cite_phase2_PM_adt2gex	dummy_zeros	overall_pearson	ADT2GEX	NA	-1
openproblems_bmmc_cite_phase2_PM_adt2gex	dummy_zeros	overall_spearman	ADT2GEX	NA	-1
openproblems_bmmc_cite_phase2_PM_adt2gex	dummy_zeros	mse	ADT2GEX	0.1850405155728419	0.1850405155728419
openproblems_bmmc_cite_phase2_PM_adt2gex	dummy_zeros	rmse	ADT2GEX	0.43016335917049225	0.43016335917049225
openproblems_bmmc_cite_phase2_PM_adt2gex	dummy_zeros	logp1_mse	ADT2GEX	0.0737331987755925	0.0737331987755925
openproblems_bmmc_cite_phase2_PM_adt2gex	dummy_zeros	logp1_rmse	ADT2GEX	0.15538564720931838	0.15538564720931838
openproblems_bmmc_cite_phase2_PM_adt2gex	dummy_zeros	mae	ADT2GEX	0.19915861025348244	0.19915861025348244
openproblems_bmmc_multiome_phase1_PM_atac2gex	dummy_solution	mse	ATAC2GEX	0	0
openproblems_bmmc_multiome_phase1_PM_atac2gex	dummy_solution	rmse	ATAC2GEX	0	0
openproblems_bmmc_multiome_phase1_PM_atac2gex	dummy_solution	logp1_mse	ATAC2GEX	0	0
openproblems_bmmc_multiome_phase1_PM_atac2gex	dummy_solution	logp1_rmse	ATAC2GEX	0	0
openproblems_bmmc_multiome_phase1_PM_atac2gex	dummy_solution	mae	ATAC2GEX	0	0
openproblems_bmmc_multiome_phase1_PM_atac2gex	dummy_solution	finished	ATAC2GEX	1	1
openproblems_bmmc_multiome_phase1_PM_atac2gex	dummy_solution	correct_format	ATAC2GEX	1	1
openproblems_bmmc_multiome_phase1_PM_atac2gex	dummy_solution	mean_pearson_per_cell	ATAC2GEX	0.9999999999999987	0.9999999999999987
openproblems_bmmc_multiome_phase1_PM_atac2gex	dummy_solution	mean_spearman_per_cell	ATAC2GEX	1	1
openproblems_bmmc_multiome_phase1_PM_atac2gex	dummy_solution	mean_pearson_per_gene	ATAC2GEX	0.9999999999999981	0.9999999999999981
openproblems_bmmc_multiome_phase1_PM_atac2gex	dummy_solution	mean_spearman_per_gene	ATAC2GEX	1	1
openproblems_bmmc_multiome_phase1_PM_atac2gex	dummy_solution	overall_pearson	ATAC2GEX	1	1
openproblems_bmmc_multiome_phase1_PM_atac2gex	dummy_solution	overall_spearman	ATAC2GEX	1	1
openproblems_bmmc_cite_phase2_PM_adt2gex	baseline_linearmodel	mean_pearson_per_cell	ADT2GEX	0.8462519616245646	0.8462519616245646
openproblems_bmmc_cite_phase2_PM_adt2gex	baseline_linearmodel	mean_spearman_per_cell	ADT2GEX	0.5947127651021082	0.5947127651021082
openproblems_bmmc_cite_phase2_PM_adt2gex	baseline_linearmodel	mean_pearson_per_gene	ADT2GEX	0.29145893179147225	0.29145893179147225
openproblems_bmmc_cite_phase2_PM_adt2gex	baseline_linearmodel	mean_spearman_per_gene	ADT2GEX	0.2273492559135238	0.2273492559135238
openproblems_bmmc_cite_phase2_PM_adt2gex	baseline_linearmodel	overall_pearson	ADT2GEX	0.8388025936845375	0.8388025936845375
openproblems_bmmc_cite_phase2_PM_adt2gex	baseline_linearmodel	overall_spearman	ADT2GEX	0.5877633390394118	0.5877633390394118
openproblems_bmmc_cite_phase2_PM_adt2gex	baseline_linearmodel	finished	ADT2GEX	1	1
openproblems_bmmc_cite_phase2_PM_adt2gex	baseline_linearmodel	correct_format	ADT2GEX	1	1
openproblems_bmmc_cite_phase2_PM_adt2gex	baseline_linearmodel	mse	ADT2GEX	0.043814320441460025	0.043814320441460025
openproblems_bmmc_cite_phase2_PM_adt2gex	baseline_linearmodel	rmse	ADT2GEX	0.20931870542658157	0.20931870542658157
openproblems_bmmc_cite_phase2_PM_adt2gex	baseline_linearmodel	logp1_mse	ADT2GEX	0.01862325079309754	0.01862325079309754
openproblems_bmmc_cite_phase2_PM_adt2gex	baseline_linearmodel	logp1_rmse	ADT2GEX	0.08254077047853375	0.08254077047853375
openproblems_bmmc_cite_phase2_PM_adt2gex	baseline_linearmodel	mae	ADT2GEX	0.13613579785891797	0.13613579785891797
openproblems_bmmc_cite_phase2_PM_gex2adt	dummy_solution	mse	GEX2ADT	0	0
openproblems_bmmc_cite_phase2_PM_gex2adt	dummy_solution	rmse	GEX2ADT	0	0
openproblems_bmmc_cite_phase2_PM_gex2adt	dummy_solution	logp1_mse	GEX2ADT	0	0
openproblems_bmmc_cite_phase2_PM_gex2adt	dummy_solution	logp1_rmse	GEX2ADT	0	0
openproblems_bmmc_cite_phase2_PM_gex2adt	dummy_solution	mae	GEX2ADT	0	0
openproblems_bmmc_cite_phase2_PM_gex2adt	dummy_solution	mean_pearson_per_cell	GEX2ADT	1	1
openproblems_bmmc_cite_phase2_PM_gex2adt	dummy_solution	mean_spearman_per_cell	GEX2ADT	1	1
openproblems_bmmc_cite_phase2_PM_gex2adt	dummy_solution	mean_pearson_per_gene	GEX2ADT	0.9999999999999956	0.9999999999999956
openproblems_bmmc_cite_phase2_PM_gex2adt	dummy_solution	mean_spearman_per_gene	GEX2ADT	1	1
openproblems_bmmc_cite_phase2_PM_gex2adt	dummy_solution	overall_pearson	GEX2ADT	1	1
openproblems_bmmc_cite_phase2_PM_gex2adt	dummy_solution	overall_spearman	GEX2ADT	1	1
openproblems_bmmc_cite_phase2_PM_gex2adt	dummy_solution	finished	GEX2ADT	1	1
openproblems_bmmc_cite_phase2_PM_gex2adt	dummy_solution	correct_format	GEX2ADT	1	1
openproblems_bmmc_cite_iid_PM_adt2gex	dummy_random	mse	ADT2GEX	0.1420302636343851	0.1420302636343851
openproblems_bmmc_cite_iid_PM_adt2gex	dummy_random	rmse	ADT2GEX	0.37686902716246806	0.37686902716246806
openproblems_bmmc_cite_iid_PM_adt2gex	dummy_random	logp1_mse	ADT2GEX	0.05767761280235647	0.05767761280235647
openproblems_bmmc_cite_iid_PM_adt2gex	dummy_random	logp1_rmse	ADT2GEX	0.13889263053587214	0.13889263053587214
openproblems_bmmc_cite_iid_PM_adt2gex	dummy_random	mae	ADT2GEX	0.1958905680833441	0.1958905680833441
openproblems_bmmc_cite_iid_PM_adt2gex	dummy_random	finished	ADT2GEX	1	1
openproblems_bmmc_cite_iid_PM_adt2gex	dummy_random	correct_format	ADT2GEX	1	1
openproblems_bmmc_cite_iid_PM_adt2gex	dummy_random	mean_pearson_per_cell	ADT2GEX	0.5879061646599764	0.5879061646599764
openproblems_bmmc_cite_iid_PM_adt2gex	dummy_random	mean_spearman_per_cell	ADT2GEX	0.3768359010107229	0.3768359010107229
openproblems_bmmc_cite_iid_PM_adt2gex	dummy_random	mean_pearson_per_gene	ADT2GEX	0.004202340860591455	0.004202340860591455
openproblems_bmmc_cite_iid_PM_adt2gex	dummy_random	mean_spearman_per_gene	ADT2GEX	0.003596381366619175	0.003596381366619175
openproblems_bmmc_cite_iid_PM_adt2gex	dummy_random	overall_pearson	ADT2GEX	0.5312270500515301	0.5312270500515301
openproblems_bmmc_cite_iid_PM_adt2gex	dummy_random	overall_spearman	ADT2GEX	0.3592385936528018	0.3592385936528018
openproblems_bmmc_cite_phase1_PM_gex2adt	baseline_linearmodel	finished	GEX2ADT	1	1
openproblems_bmmc_cite_phase1_PM_gex2adt	baseline_linearmodel	correct_format	GEX2ADT	1	1
openproblems_bmmc_cite_phase1_PM_gex2adt	baseline_linearmodel	mse	GEX2ADT	NA	NA
openproblems_bmmc_cite_phase1_PM_gex2adt	baseline_linearmodel	rmse	GEX2ADT	NA	NA
openproblems_bmmc_cite_phase1_PM_gex2adt	baseline_linearmodel	logp1_mse	GEX2ADT	NA	NA
openproblems_bmmc_cite_phase1_PM_gex2adt	baseline_linearmodel	logp1_rmse	GEX2ADT	NA	NA
openproblems_bmmc_cite_phase1_PM_gex2adt	baseline_linearmodel	mae	GEX2ADT	NA	NA
openproblems_bmmc_cite_phase1_PM_adt2gex	baseline_linearmodel	mse	ADT2GEX	NA	NA
openproblems_bmmc_cite_phase1_PM_adt2gex	baseline_linearmodel	rmse	ADT2GEX	NA	NA
openproblems_bmmc_cite_phase1_PM_adt2gex	baseline_linearmodel	logp1_mse	ADT2GEX	NA	NA
openproblems_bmmc_cite_phase1_PM_adt2gex	baseline_linearmodel	logp1_rmse	ADT2GEX	NA	NA
openproblems_bmmc_cite_phase1_PM_adt2gex	baseline_linearmodel	mae	ADT2GEX	NA	NA
openproblems_bmmc_cite_phase1_PM_adt2gex	baseline_linearmodel	finished	ADT2GEX	1	1
openproblems_bmmc_cite_phase1_PM_adt2gex	baseline_linearmodel	correct_format	ADT2GEX	1	1
openproblems_bmmc_cite_phase1_PM_adt2gex	dummy_random	finished	ADT2GEX	1	1
openproblems_bmmc_cite_phase1_PM_adt2gex	dummy_random	correct_format	ADT2GEX	1	1
openproblems_bmmc_cite_phase1_PM_adt2gex	dummy_random	mse	ADT2GEX	NA	NA
openproblems_bmmc_cite_phase1_PM_adt2gex	dummy_random	rmse	ADT2GEX	NA	NA
openproblems_bmmc_cite_phase1_PM_adt2gex	dummy_random	logp1_mse	ADT2GEX	NA	NA
openproblems_bmmc_cite_phase1_PM_adt2gex	dummy_random	logp1_rmse	ADT2GEX	NA	NA
openproblems_bmmc_cite_phase1_PM_adt2gex	dummy_random	mae	ADT2GEX	NA	NA
openproblems_bmmc_cite_iid_PM_adt2gex	baseline_knn	mean_pearson_per_cell	ADT2GEX	0.8650866006289809	0.8650866006289809
openproblems_bmmc_cite_iid_PM_adt2gex	baseline_knn	mean_spearman_per_cell	ADT2GEX	0.6208169830435222	0.6208169830435222
openproblems_bmmc_cite_iid_PM_adt2gex	baseline_knn	mean_pearson_per_gene	ADT2GEX	0.34150513196571025	0.34150513196571025
openproblems_bmmc_cite_iid_PM_adt2gex	baseline_knn	mean_spearman_per_gene	ADT2GEX	0.28661443473716536	0.28661443473716536
openproblems_bmmc_cite_iid_PM_adt2gex	baseline_knn	overall_pearson	ADT2GEX	0.8514419043707468	0.8514419043707468
openproblems_bmmc_cite_iid_PM_adt2gex	baseline_knn	overall_spearman	ADT2GEX	0.6130401971753415	0.6130401971753415
openproblems_bmmc_cite_iid_PM_adt2gex	baseline_knn	finished	ADT2GEX	1	1
openproblems_bmmc_cite_iid_PM_adt2gex	baseline_knn	correct_format	ADT2GEX	1	1
openproblems_bmmc_cite_iid_PM_adt2gex	baseline_knn	mse	ADT2GEX	0.04132821879320086	0.04132821879320086
openproblems_bmmc_cite_iid_PM_adt2gex	baseline_knn	rmse	ADT2GEX	0.20329343027555233	0.20329343027555233
openproblems_bmmc_cite_iid_PM_adt2gex	baseline_knn	logp1_mse	ADT2GEX	0.01758763742989114	0.01758763742989114
openproblems_bmmc_cite_iid_PM_adt2gex	baseline_knn	logp1_rmse	ADT2GEX	0.08037154555291384	0.08037154555291384
openproblems_bmmc_cite_iid_PM_adt2gex	baseline_knn	mae	ADT2GEX	0.12710534579832053	0.12710534579832053
openproblems_bmmc_multiome_phase2_PM_gex2atac	dummy_solution	mean_pearson_per_cell	GEX2ATAC	1.0000000000000002	1.0000000000000002
openproblems_bmmc_multiome_phase2_PM_gex2atac	dummy_solution	mean_spearman_per_cell	GEX2ATAC	1	1
openproblems_bmmc_multiome_phase2_PM_gex2atac	dummy_solution	mean_pearson_per_gene	GEX2ATAC	1.0000000000000018	1.0000000000000018
openproblems_bmmc_multiome_phase2_PM_gex2atac	dummy_solution	mean_spearman_per_gene	GEX2ATAC	1	1
openproblems_bmmc_multiome_phase2_PM_gex2atac	dummy_solution	overall_pearson	GEX2ATAC	0.9999999999999999	0.9999999999999999
openproblems_bmmc_multiome_phase2_PM_gex2atac	dummy_solution	overall_spearman	GEX2ATAC	1	1
openproblems_bmmc_multiome_phase2_PM_gex2atac	dummy_solution	mse	GEX2ATAC	0	0
openproblems_bmmc_multiome_phase2_PM_gex2atac	dummy_solution	rmse	GEX2ATAC	0	0
openproblems_bmmc_multiome_phase2_PM_gex2atac	dummy_solution	logp1_mse	GEX2ATAC	0	0
openproblems_bmmc_multiome_phase2_PM_gex2atac	dummy_solution	logp1_rmse	GEX2ATAC	0	0
openproblems_bmmc_multiome_phase2_PM_gex2atac	dummy_solution	mae	GEX2ATAC	0	0
openproblems_bmmc_multiome_phase2_PM_gex2atac	dummy_solution	finished	GEX2ATAC	1	1
openproblems_bmmc_multiome_phase2_PM_gex2atac	dummy_solution	correct_format	GEX2ATAC	1	1
openproblems_bmmc_cite_iid_PM_adt2gex	baseline_linearmodel	mean_pearson_per_cell	ADT2GEX	0.859075425511025	0.859075425511025
openproblems_bmmc_cite_iid_PM_adt2gex	baseline_linearmodel	mean_spearman_per_cell	ADT2GEX	0.6068865769424393	0.6068865769424393
openproblems_bmmc_cite_iid_PM_adt2gex	baseline_linearmodel	mean_pearson_per_gene	ADT2GEX	0.3283059317779726	0.3283059317779726
openproblems_bmmc_cite_iid_PM_adt2gex	baseline_linearmodel	mean_spearman_per_gene	ADT2GEX	0.2734602968150615	0.2734602968150615
openproblems_bmmc_cite_iid_PM_adt2gex	baseline_linearmodel	overall_pearson	ADT2GEX	0.845396795062156	0.845396795062156
openproblems_bmmc_cite_iid_PM_adt2gex	baseline_linearmodel	overall_spearman	ADT2GEX	0.5986456656532235	0.5986456656532235
openproblems_bmmc_cite_iid_PM_adt2gex	baseline_linearmodel	mse	ADT2GEX	0.04287137098756872	0.04287137098756872
openproblems_bmmc_cite_iid_PM_adt2gex	baseline_linearmodel	rmse	ADT2GEX	0.20705402915077195	0.20705402915077195
openproblems_bmmc_cite_iid_PM_adt2gex	baseline_linearmodel	logp1_mse	ADT2GEX	0.018230745324645144	0.018230745324645144
openproblems_bmmc_cite_iid_PM_adt2gex	baseline_linearmodel	logp1_rmse	ADT2GEX	0.08172671006162732	0.08172671006162732
openproblems_bmmc_cite_iid_PM_adt2gex	baseline_linearmodel	mae	ADT2GEX	0.1319409206823645	0.1319409206823645
openproblems_bmmc_cite_iid_PM_adt2gex	baseline_linearmodel	finished	ADT2GEX	1	1
openproblems_bmmc_cite_iid_PM_adt2gex	baseline_linearmodel	correct_format	ADT2GEX	1	1
openproblems_bmmc_cite_phase1_PM_gex2adt	dummy_random	mse	GEX2ADT	NA	NA
openproblems_bmmc_cite_phase1_PM_gex2adt	dummy_random	rmse	GEX2ADT	NA	NA
openproblems_bmmc_cite_phase1_PM_gex2adt	dummy_random	logp1_mse	GEX2ADT	NA	NA
openproblems_bmmc_cite_phase1_PM_gex2adt	dummy_random	logp1_rmse	GEX2ADT	NA	NA
openproblems_bmmc_cite_phase1_PM_gex2adt	dummy_random	mae	GEX2ADT	NA	NA
openproblems_bmmc_cite_phase1_PM_gex2adt	dummy_random	finished	GEX2ADT	1	1
openproblems_bmmc_cite_phase1_PM_gex2adt	dummy_random	correct_format	GEX2ADT	1	1
openproblems_bmmc_cite_iid_PM_gex2adt	dummy_meanpergene	mse	GEX2ADT	0.05940558137274236	0.05940558137274236
openproblems_bmmc_cite_iid_PM_gex2adt	dummy_meanpergene	rmse	GEX2ADT	0.2437326021949923	0.2437326021949923
openproblems_bmmc_cite_iid_PM_gex2adt	dummy_meanpergene	logp1_mse	GEX2ADT	0.02506225664280925	0.02506225664280925
openproblems_bmmc_cite_iid_PM_gex2adt	dummy_meanpergene	logp1_rmse	GEX2ADT	0.09472701871976515	0.09472701871976515
openproblems_bmmc_cite_iid_PM_gex2adt	dummy_meanpergene	mae	GEX2ADT	0.17828691571417762	0.17828691571417762
openproblems_bmmc_cite_iid_PM_gex2adt	dummy_meanpergene	mean_pearson_per_cell	GEX2ADT	0.4438404956937584	0.4438404956937584
openproblems_bmmc_cite_iid_PM_gex2adt	dummy_meanpergene	mean_spearman_per_cell	GEX2ADT	0.5028785414860496	0.5028785414860496
openproblems_bmmc_cite_iid_PM_gex2adt	dummy_meanpergene	mean_pearson_per_gene	GEX2ADT	0	0
openproblems_bmmc_cite_iid_PM_gex2adt	dummy_meanpergene	mean_spearman_per_gene	GEX2ADT	0	0
openproblems_bmmc_cite_iid_PM_gex2adt	dummy_meanpergene	overall_pearson	GEX2ADT	0.4392987992682717	0.4392987992682717
openproblems_bmmc_cite_iid_PM_gex2adt	dummy_meanpergene	overall_spearman	GEX2ADT	0.5100790056193353	0.5100790056193353
openproblems_bmmc_cite_iid_PM_gex2adt	dummy_meanpergene	finished	GEX2ADT	1	1
openproblems_bmmc_cite_iid_PM_gex2adt	dummy_meanpergene	correct_format	GEX2ADT	1	1
openproblems_bmmc_cite_phase1_PM_adt2gex	dummy_zeros	finished	ADT2GEX	1	1
openproblems_bmmc_cite_phase1_PM_adt2gex	dummy_zeros	correct_format	ADT2GEX	1	1
openproblems_bmmc_cite_phase1_PM_adt2gex	dummy_zeros	mse	ADT2GEX	NA	NA
openproblems_bmmc_cite_phase1_PM_adt2gex	dummy_zeros	rmse	ADT2GEX	NA	NA
openproblems_bmmc_cite_phase1_PM_adt2gex	dummy_zeros	logp1_mse	ADT2GEX	NA	NA
openproblems_bmmc_cite_phase1_PM_adt2gex	dummy_zeros	logp1_rmse	ADT2GEX	NA	NA
openproblems_bmmc_cite_phase1_PM_adt2gex	dummy_zeros	mae	ADT2GEX	NA	NA
openproblems_bmmc_cite_iid_PM_adt2gex	dummy_zeros	finished	ADT2GEX	1	1
openproblems_bmmc_cite_iid_PM_adt2gex	dummy_zeros	correct_format	ADT2GEX	1	1
openproblems_bmmc_cite_iid_PM_adt2gex	dummy_zeros	mse	ADT2GEX	0.1884351852178729	0.1884351852178729
openproblems_bmmc_cite_iid_PM_adt2gex	dummy_zeros	rmse	ADT2GEX	0.4340912176235231	0.4340912176235231
openproblems_bmmc_cite_iid_PM_adt2gex	dummy_zeros	logp1_mse	ADT2GEX	0.07497550119268422	0.07497550119268422
openproblems_bmmc_cite_iid_PM_adt2gex	dummy_zeros	logp1_rmse	ADT2GEX	0.15657677619274696	0.15657677619274696
openproblems_bmmc_cite_iid_PM_adt2gex	dummy_zeros	mae	ADT2GEX	0.19539462858101425	0.19539462858101425
openproblems_bmmc_cite_phase2_PM_gex2adt	baseline_knn	finished	GEX2ADT	1	1
openproblems_bmmc_cite_phase2_PM_gex2adt	baseline_knn	correct_format	GEX2ADT	1	1
openproblems_bmmc_cite_iid_PM_adt2gex	dummy_zeros	mean_pearson_per_cell	ADT2GEX	0	0
openproblems_bmmc_cite_iid_PM_adt2gex	dummy_zeros	mean_spearman_per_cell	ADT2GEX	0	0
openproblems_bmmc_cite_iid_PM_adt2gex	dummy_zeros	mean_pearson_per_gene	ADT2GEX	0	0
openproblems_bmmc_cite_iid_PM_adt2gex	dummy_zeros	mean_spearman_per_gene	ADT2GEX	0	0
openproblems_bmmc_cite_iid_PM_adt2gex	dummy_zeros	overall_pearson	ADT2GEX	NA	-1
openproblems_bmmc_cite_iid_PM_adt2gex	dummy_zeros	overall_spearman	ADT2GEX	NA	-1
openproblems_bmmc_cite_phase2_PM_gex2adt	baseline_knn	mse	GEX2ADT	0.02249708009267815	0.02249708009267815
openproblems_bmmc_cite_phase2_PM_gex2adt	baseline_knn	rmse	GEX2ADT	0.14999026665980078	0.14999026665980078
openproblems_bmmc_cite_phase2_PM_gex2adt	baseline_knn	logp1_mse	GEX2ADT	0.009662076482364125	0.009662076482364125
openproblems_bmmc_cite_phase2_PM_gex2adt	baseline_knn	logp1_rmse	GEX2ADT	0.060694164567674395	0.060694164567674395
openproblems_bmmc_cite_phase2_PM_gex2adt	baseline_knn	mae	GEX2ADT	0.10078486903152868	0.10078486903152868
openproblems_bmmc_cite_phase2_PM_gex2adt	baseline_knn	mean_pearson_per_cell	GEX2ADT	0.8350719254651726	0.8350719254651726
openproblems_bmmc_cite_phase2_PM_gex2adt	baseline_knn	mean_spearman_per_cell	GEX2ADT	0.8142700670299529	0.8142700670299529
openproblems_bmmc_cite_phase2_PM_gex2adt	baseline_knn	mean_pearson_per_gene	GEX2ADT	0.7229341377544165	0.7229341377544165
openproblems_bmmc_cite_phase2_PM_gex2adt	baseline_knn	mean_spearman_per_gene	GEX2ADT	0.5547600845777754	0.5547600845777754
openproblems_bmmc_cite_phase2_PM_gex2adt	baseline_knn	overall_pearson	GEX2ADT	0.8356957415990427	0.8356957415990427
openproblems_bmmc_cite_phase2_PM_gex2adt	baseline_knn	overall_spearman	GEX2ADT	0.8180970477099985	0.8180970477099985
openproblems_bmmc_cite_phase1_PM_adt2gex	dummy_solution	mse	ADT2GEX	NA	NA
openproblems_bmmc_cite_phase1_PM_adt2gex	dummy_solution	rmse	ADT2GEX	NA	NA
openproblems_bmmc_cite_phase1_PM_adt2gex	dummy_solution	logp1_mse	ADT2GEX	NA	NA
openproblems_bmmc_cite_phase1_PM_adt2gex	dummy_solution	logp1_rmse	ADT2GEX	NA	NA
openproblems_bmmc_cite_phase1_PM_adt2gex	dummy_solution	mae	ADT2GEX	NA	NA
openproblems_bmmc_cite_phase1_PM_adt2gex	dummy_solution	finished	ADT2GEX	1	1
openproblems_bmmc_cite_phase1_PM_adt2gex	dummy_solution	correct_format	ADT2GEX	1	1
openproblems_bmmc_cite_phase1_PM_gex2adt	dummy_meanpergene	finished	GEX2ADT	1	1
openproblems_bmmc_cite_phase1_PM_gex2adt	dummy_meanpergene	correct_format	GEX2ADT	1	1
openproblems_bmmc_cite_phase1_PM_gex2adt	dummy_meanpergene	mse	GEX2ADT	NA	NA
openproblems_bmmc_cite_phase1_PM_gex2adt	dummy_meanpergene	rmse	GEX2ADT	NA	NA
openproblems_bmmc_cite_phase1_PM_gex2adt	dummy_meanpergene	logp1_mse	GEX2ADT	NA	NA
openproblems_bmmc_cite_phase1_PM_gex2adt	dummy_meanpergene	logp1_rmse	GEX2ADT	NA	NA
openproblems_bmmc_cite_phase1_PM_gex2adt	dummy_meanpergene	mae	GEX2ADT	NA	NA
openproblems_bmmc_multiome_phase1_PM_gex2atac	dummy_random	mse	GEX2ATAC	0.15583237522863863	0.15583237522863863
openproblems_bmmc_multiome_phase1_PM_gex2atac	dummy_random	rmse	GEX2ATAC	0.3947560958726776	0.3947560958726776
openproblems_bmmc_multiome_phase1_PM_gex2atac	dummy_random	logp1_mse	GEX2ATAC	0.06289485502587246	0.06289485502587246
openproblems_bmmc_multiome_phase1_PM_gex2atac	dummy_random	logp1_rmse	GEX2ATAC	0.14449826819897318	0.14449826819897318
openproblems_bmmc_multiome_phase1_PM_gex2atac	dummy_random	mae	GEX2ATAC	0.15583237522863863	0.15583237522863863
openproblems_bmmc_multiome_phase1_PM_gex2atac	dummy_random	mean_pearson_per_cell	GEX2ATAC	0.08095211662310298	0.08095211662310298
openproblems_bmmc_multiome_phase1_PM_gex2atac	dummy_random	mean_spearman_per_cell	GEX2ATAC	0.08095211662310293	0.08095211662310293
openproblems_bmmc_multiome_phase1_PM_gex2atac	dummy_random	mean_pearson_per_gene	GEX2ATAC	-6.044656328629576e-4	-6.044656328629576e-4
openproblems_bmmc_multiome_phase1_PM_gex2atac	dummy_random	mean_spearman_per_gene	GEX2ATAC	-6.044656328629645e-4	-6.044656328629645e-4
openproblems_bmmc_multiome_phase1_PM_gex2atac	dummy_random	overall_pearson	GEX2ATAC	0.08521934644076423	0.08521934644076423
openproblems_bmmc_multiome_phase1_PM_gex2atac	dummy_random	overall_spearman	GEX2ATAC	0.08521934644076913	0.08521934644076913
openproblems_bmmc_multiome_phase1_PM_gex2atac	dummy_random	finished	GEX2ATAC	1	1
openproblems_bmmc_multiome_phase1_PM_gex2atac	dummy_random	correct_format	GEX2ATAC	1	1
openproblems_bmmc_cite_phase1_PM_adt2gex	dummy_meanpergene	finished	ADT2GEX	1	1
openproblems_bmmc_cite_phase1_PM_adt2gex	dummy_meanpergene	correct_format	ADT2GEX	1	1
openproblems_bmmc_cite_phase1_PM_adt2gex	dummy_meanpergene	mse	ADT2GEX	NA	NA
openproblems_bmmc_cite_phase1_PM_adt2gex	dummy_meanpergene	rmse	ADT2GEX	NA	NA
openproblems_bmmc_cite_phase1_PM_adt2gex	dummy_meanpergene	logp1_mse	ADT2GEX	NA	NA
openproblems_bmmc_cite_phase1_PM_adt2gex	dummy_meanpergene	logp1_rmse	ADT2GEX	NA	NA
openproblems_bmmc_cite_phase1_PM_adt2gex	dummy_meanpergene	mae	ADT2GEX	NA	NA
openproblems_bmmc_cite_phase2_PM_adt2gex	dummy_meanpergene	finished	ADT2GEX	1	1
openproblems_bmmc_cite_phase2_PM_adt2gex	dummy_meanpergene	correct_format	ADT2GEX	1	1
openproblems_bmmc_cite_phase2_PM_adt2gex	dummy_meanpergene	mean_pearson_per_cell	ADT2GEX	0.755930170342366	0.755930170342366
openproblems_bmmc_cite_phase2_PM_adt2gex	dummy_meanpergene	mean_spearman_per_cell	ADT2GEX	0.5239904495703674	0.5239904495703674
openproblems_bmmc_cite_phase2_PM_adt2gex	dummy_meanpergene	mean_pearson_per_gene	ADT2GEX	0	0
openproblems_bmmc_cite_phase2_PM_adt2gex	dummy_meanpergene	mean_spearman_per_gene	ADT2GEX	0	0
openproblems_bmmc_cite_phase2_PM_adt2gex	dummy_meanpergene	overall_pearson	ADT2GEX	0.733491242510321	0.733491242510321
openproblems_bmmc_cite_phase2_PM_adt2gex	dummy_meanpergene	overall_spearman	ADT2GEX	0.5147183606590101	0.5147183606590101
openproblems_bmmc_cite_phase2_PM_adt2gex	dummy_meanpergene	mse	ADT2GEX	0.06723009082990052	0.06723009082990052
openproblems_bmmc_cite_phase2_PM_adt2gex	dummy_meanpergene	rmse	ADT2GEX	0.25928766038880546	0.25928766038880546
openproblems_bmmc_cite_phase2_PM_adt2gex	dummy_meanpergene	logp1_mse	ADT2GEX	0.028258061790940946	0.028258061790940946
openproblems_bmmc_cite_phase2_PM_adt2gex	dummy_meanpergene	logp1_rmse	ADT2GEX	0.10012494778027452	0.10012494778027452
openproblems_bmmc_cite_phase2_PM_adt2gex	dummy_meanpergene	mae	ADT2GEX	0.16521954668996564	0.16521954668996564
openproblems_bmmc_multiome_phase2_PM_atac2gex	dummy_solution	mse	ATAC2GEX	0	0
openproblems_bmmc_multiome_phase2_PM_atac2gex	dummy_solution	rmse	ATAC2GEX	0	0
openproblems_bmmc_multiome_phase2_PM_atac2gex	dummy_solution	logp1_mse	ATAC2GEX	0	0
openproblems_bmmc_multiome_phase2_PM_atac2gex	dummy_solution	logp1_rmse	ATAC2GEX	0	0
openproblems_bmmc_multiome_phase2_PM_atac2gex	dummy_solution	mae	ATAC2GEX	0	0
openproblems_bmmc_multiome_phase2_PM_atac2gex	dummy_solution	finished	ATAC2GEX	1	1
openproblems_bmmc_multiome_phase2_PM_atac2gex	dummy_solution	correct_format	ATAC2GEX	1	1
openproblems_bmmc_cite_phase2_PM_adt2gex	baseline_knn	mean_pearson_per_cell	ADT2GEX	0.8588587394131598	0.8588587394131598
openproblems_bmmc_cite_phase2_PM_adt2gex	baseline_knn	mean_spearman_per_cell	ADT2GEX	0.6236937956619543	0.6236937956619543
openproblems_bmmc_cite_phase2_PM_adt2gex	baseline_knn	mean_pearson_per_gene	ADT2GEX	0.3094215766036231	0.3094215766036231
openproblems_bmmc_cite_phase2_PM_adt2gex	baseline_knn	mean_spearman_per_gene	ADT2GEX	0.24696139590305013	0.24696139590305013
openproblems_bmmc_cite_phase2_PM_adt2gex	baseline_knn	overall_pearson	ADT2GEX	0.8499715794662451	0.8499715794662451
openproblems_bmmc_cite_phase2_PM_adt2gex	baseline_knn	overall_spearman	ADT2GEX	0.6158969451508503	0.6158969451508503
openproblems_bmmc_cite_phase2_PM_adt2gex	baseline_knn	mse	ADT2GEX	0.04088544804193311	0.04088544804193311
openproblems_bmmc_cite_phase2_PM_adt2gex	baseline_knn	rmse	ADT2GEX	0.2022015035600208	0.2022015035600208
openproblems_bmmc_cite_phase2_PM_adt2gex	baseline_knn	logp1_mse	ADT2GEX	0.017402936983452945	0.017402936983452945
openproblems_bmmc_cite_phase2_PM_adt2gex	baseline_knn	logp1_rmse	ADT2GEX	0.0799772667929805	0.0799772667929805
openproblems_bmmc_cite_phase2_PM_adt2gex	baseline_knn	mae	ADT2GEX	0.12910534981300348	0.12910534981300348
openproblems_bmmc_multiome_phase2_PM_atac2gex	dummy_solution	mean_pearson_per_cell	ATAC2GEX	0.9999999999999986	0.9999999999999986
openproblems_bmmc_multiome_phase2_PM_atac2gex	dummy_solution	mean_spearman_per_cell	ATAC2GEX	1	1
openproblems_bmmc_multiome_phase2_PM_atac2gex	dummy_solution	mean_pearson_per_gene	ATAC2GEX	0.9999999999999969	0.9999999999999969
openproblems_bmmc_multiome_phase2_PM_atac2gex	dummy_solution	mean_spearman_per_gene	ATAC2GEX	1	1
openproblems_bmmc_multiome_phase2_PM_atac2gex	dummy_solution	overall_pearson	ATAC2GEX	1	1
openproblems_bmmc_multiome_phase2_PM_atac2gex	dummy_solution	overall_spearman	ATAC2GEX	1	1
openproblems_bmmc_cite_phase2_PM_adt2gex	baseline_knn	finished	ADT2GEX	1	1
openproblems_bmmc_cite_phase2_PM_adt2gex	baseline_knn	correct_format	ADT2GEX	1	1
openproblems_bmmc_cite_phase2_PM_gex2adt	baseline_linearmodel	finished	GEX2ADT	1	1
openproblems_bmmc_cite_phase2_PM_gex2adt	baseline_linearmodel	correct_format	GEX2ADT	1	1
openproblems_bmmc_cite_phase2_PM_gex2adt	baseline_linearmodel	mse	GEX2ADT	0.02388687681218662	0.02388687681218662
openproblems_bmmc_cite_phase2_PM_gex2adt	baseline_linearmodel	rmse	GEX2ADT	0.1545537990868766	0.1545537990868766
openproblems_bmmc_cite_phase2_PM_gex2adt	baseline_linearmodel	logp1_mse	GEX2ADT	0.010251976668995338	0.010251976668995338
openproblems_bmmc_cite_phase2_PM_gex2adt	baseline_linearmodel	logp1_rmse	GEX2ADT	0.06241417467388704	0.06241417467388704
openproblems_bmmc_cite_phase2_PM_gex2adt	baseline_linearmodel	mae	GEX2ADT	0.10764151734649592	0.10764151734649592
openproblems_bmmc_cite_phase2_PM_gex2adt	baseline_linearmodel	mean_pearson_per_cell	GEX2ADT	0.826792101554422	0.826792101554422
openproblems_bmmc_cite_phase2_PM_gex2adt	baseline_linearmodel	mean_spearman_per_cell	GEX2ADT	0.8005223396910139	0.8005223396910139
openproblems_bmmc_cite_phase2_PM_gex2adt	baseline_linearmodel	mean_pearson_per_gene	GEX2ADT	0.7019962708092504	0.7019962708092504
openproblems_bmmc_cite_phase2_PM_gex2adt	baseline_linearmodel	mean_spearman_per_gene	GEX2ADT	0.5334250291828214	0.5334250291828214
openproblems_bmmc_cite_phase2_PM_gex2adt	baseline_linearmodel	overall_pearson	GEX2ADT	0.8253429369171348	0.8253429369171348
openproblems_bmmc_cite_phase2_PM_gex2adt	baseline_linearmodel	overall_spearman	GEX2ADT	0.8030419614753116	0.8030419614753116
openproblems_bmmc_multiome_phase1_PM_gex2atac	dummy_meanpergene	finished	GEX2ATAC	1	1
openproblems_bmmc_multiome_phase1_PM_gex2atac	dummy_meanpergene	correct_format	GEX2ATAC	1	1
openproblems_bmmc_multiome_phase1_PM_gex2atac	dummy_meanpergene	mean_pearson_per_cell	GEX2ATAC	0.26315555197867735	0.26315555197867735
openproblems_bmmc_multiome_phase1_PM_gex2atac	dummy_meanpergene	mean_spearman_per_cell	GEX2ATAC	0.24886980977368597	0.24886980977368597
openproblems_bmmc_multiome_phase1_PM_gex2atac	dummy_meanpergene	mean_pearson_per_gene	GEX2ATAC	0	0
openproblems_bmmc_multiome_phase1_PM_gex2atac	dummy_meanpergene	mean_spearman_per_gene	GEX2ATAC	0	0
openproblems_bmmc_multiome_phase1_PM_gex2atac	dummy_meanpergene	overall_pearson	GEX2ATAC	0.272578925720585	0.272578925720585
openproblems_bmmc_multiome_phase1_PM_gex2atac	dummy_meanpergene	overall_spearman	GEX2ATAC	0.258909673544201	0.258909673544201
openproblems_bmmc_multiome_phase1_PM_gex2atac	dummy_meanpergene	mse	GEX2ATAC	0.0734133005460029	0.0734133005460029
openproblems_bmmc_multiome_phase1_PM_gex2atac	dummy_meanpergene	rmse	GEX2ATAC	0.2709488891765436	0.2709488891765436
openproblems_bmmc_multiome_phase1_PM_gex2atac	dummy_meanpergene	logp1_mse	GEX2ATAC	0.030766972279457235	0.030766972279457235
openproblems_bmmc_multiome_phase1_PM_gex2atac	dummy_meanpergene	logp1_rmse	GEX2ATAC	0.10412808588452555	0.10412808588452555
openproblems_bmmc_multiome_phase1_PM_gex2atac	dummy_meanpergene	mae	GEX2ATAC	0.15481816751985614	0.15481816751985614
openproblems_bmmc_cite_iid_PM_adt2gex	dummy_meanpergene	finished	ADT2GEX	1	1
openproblems_bmmc_cite_iid_PM_adt2gex	dummy_meanpergene	correct_format	ADT2GEX	1	1
openproblems_bmmc_cite_iid_PM_adt2gex	dummy_meanpergene	mean_pearson_per_cell	ADT2GEX	0.7679244042172838	0.7679244042172838
openproblems_bmmc_cite_iid_PM_adt2gex	dummy_meanpergene	mean_spearman_per_cell	ADT2GEX	0.5308476005876852	0.5308476005876852
openproblems_bmmc_cite_iid_PM_adt2gex	dummy_meanpergene	mean_pearson_per_gene	ADT2GEX	0	0
openproblems_bmmc_cite_iid_PM_adt2gex	dummy_meanpergene	mean_spearman_per_gene	ADT2GEX	0	0
openproblems_bmmc_cite_iid_PM_adt2gex	dummy_meanpergene	overall_pearson	ADT2GEX	0.7329555085804167	0.7329555085804167
openproblems_bmmc_cite_iid_PM_adt2gex	dummy_meanpergene	overall_spearman	ADT2GEX	0.5206061599652839	0.5206061599652839
openproblems_bmmc_cite_iid_PM_adt2gex	dummy_meanpergene	mse	ADT2GEX	0.0695477250841683	0.0695477250841683
openproblems_bmmc_cite_iid_PM_adt2gex	dummy_meanpergene	rmse	ADT2GEX	0.26371902677692466	0.26371902677692466
openproblems_bmmc_cite_iid_PM_adt2gex	dummy_meanpergene	logp1_mse	ADT2GEX	0.02920016831686342	0.02920016831686342
openproblems_bmmc_cite_iid_PM_adt2gex	dummy_meanpergene	logp1_rmse	ADT2GEX	0.10165052435398345	0.10165052435398345
openproblems_bmmc_cite_iid_PM_adt2gex	dummy_meanpergene	mae	ADT2GEX	0.16377769089281546	0.16377769089281546
openproblems_bmmc_cite_phase2_PM_gex2adt	dummy_random	mse	GEX2ADT	0.12225837712754084	0.12225837712754084
openproblems_bmmc_cite_phase2_PM_gex2adt	dummy_random	rmse	GEX2ADT	0.3496546540910629	0.3496546540910629
openproblems_bmmc_cite_phase2_PM_gex2adt	dummy_random	logp1_mse	GEX2ADT	0.05009285588851481	0.05009285588851481
openproblems_bmmc_cite_phase2_PM_gex2adt	dummy_random	logp1_rmse	GEX2ADT	0.1302226566361688	0.1302226566361688
openproblems_bmmc_cite_phase2_PM_gex2adt	dummy_random	mae	GEX2ADT	0.23825305773536182	0.23825305773536182
openproblems_bmmc_cite_phase2_PM_gex2adt	dummy_random	mean_pearson_per_cell	GEX2ADT	0.1750573844100828	0.1750573844100828
openproblems_bmmc_cite_phase2_PM_gex2adt	dummy_random	mean_spearman_per_cell	GEX2ADT	0.26514850961103875	0.26514850961103875
openproblems_bmmc_cite_phase2_PM_gex2adt	dummy_random	mean_pearson_per_gene	GEX2ADT	0.001303609821514723	0.001303609821514723
openproblems_bmmc_cite_phase2_PM_gex2adt	dummy_random	mean_spearman_per_gene	GEX2ADT	9.170809312203656e-4	9.170809312203656e-4
openproblems_bmmc_cite_phase2_PM_gex2adt	dummy_random	overall_pearson	GEX2ADT	0.17071929997999707	0.17071929997999707
openproblems_bmmc_cite_phase2_PM_gex2adt	dummy_random	overall_spearman	GEX2ADT	0.26953001538939614	0.26953001538939614
openproblems_bmmc_cite_phase2_PM_gex2adt	dummy_random	finished	GEX2ADT	1	1
openproblems_bmmc_cite_phase2_PM_gex2adt	dummy_random	correct_format	GEX2ADT	1	1
openproblems_bmmc_cite_iid_PM_gex2adt	dummy_random	mean_pearson_per_cell	GEX2ADT	0.1810954899254384	0.1810954899254384
openproblems_bmmc_cite_iid_PM_gex2adt	dummy_random	mean_spearman_per_cell	GEX2ADT	0.2699241404351135	0.2699241404351135
openproblems_bmmc_cite_iid_PM_gex2adt	dummy_random	mean_pearson_per_gene	GEX2ADT	-0.01466061664305818	-0.01466061664305818
openproblems_bmmc_cite_iid_PM_gex2adt	dummy_random	mean_spearman_per_gene	GEX2ADT	-0.011997210896583836	-0.011997210896583836
openproblems_bmmc_cite_iid_PM_gex2adt	dummy_random	overall_pearson	GEX2ADT	0.1753987267732843	0.1753987267732843
openproblems_bmmc_cite_iid_PM_gex2adt	dummy_random	overall_spearman	GEX2ADT	0.27368772316252055	0.27368772316252055
openproblems_bmmc_cite_iid_PM_gex2adt	dummy_random	finished	GEX2ADT	1	1
openproblems_bmmc_cite_iid_PM_gex2adt	dummy_random	correct_format	GEX2ADT	1	1
openproblems_bmmc_cite_iid_PM_gex2adt	dummy_random	mse	GEX2ADT	0.12086023754286508	0.12086023754286508
openproblems_bmmc_cite_iid_PM_gex2adt	dummy_random	rmse	GEX2ADT	0.34764959016639885	0.34764959016639885
openproblems_bmmc_cite_iid_PM_gex2adt	dummy_random	logp1_mse	GEX2ADT	0.04955146286434045	0.04955146286434045
openproblems_bmmc_cite_iid_PM_gex2adt	dummy_random	logp1_rmse	GEX2ADT	0.1295769835641803	0.1295769835641803
openproblems_bmmc_cite_iid_PM_gex2adt	dummy_random	mae	GEX2ADT	0.2370345772132397	0.2370345772132397
openproblems_bmmc_cite_phase1_PM_gex2adt	dummy_zeros	mse	GEX2ADT	NA	NA
openproblems_bmmc_cite_phase1_PM_gex2adt	dummy_zeros	rmse	GEX2ADT	NA	NA
openproblems_bmmc_cite_phase1_PM_gex2adt	dummy_zeros	logp1_mse	GEX2ADT	NA	NA
openproblems_bmmc_cite_phase1_PM_gex2adt	dummy_zeros	logp1_rmse	GEX2ADT	NA	NA
openproblems_bmmc_cite_phase1_PM_gex2adt	dummy_zeros	mae	GEX2ADT	NA	NA
openproblems_bmmc_cite_phase1_PM_gex2adt	dummy_zeros	finished	GEX2ADT	1	1
openproblems_bmmc_cite_phase1_PM_gex2adt	dummy_zeros	correct_format	GEX2ADT	1	1
openproblems_bmmc_cite_phase2_PM_gex2adt	dummy_zeros	mean_pearson_per_cell	GEX2ADT	0	0
openproblems_bmmc_cite_phase2_PM_gex2adt	dummy_zeros	mean_spearman_per_cell	GEX2ADT	0	0
openproblems_bmmc_cite_phase2_PM_gex2adt	dummy_zeros	mean_pearson_per_gene	GEX2ADT	0	0
openproblems_bmmc_cite_phase2_PM_gex2adt	dummy_zeros	mean_spearman_per_gene	GEX2ADT	0	0
openproblems_bmmc_cite_phase2_PM_gex2adt	dummy_zeros	overall_pearson	GEX2ADT	NA	-1
openproblems_bmmc_cite_phase2_PM_gex2adt	dummy_zeros	overall_spearman	GEX2ADT	NA	-1
openproblems_bmmc_cite_phase2_PM_gex2adt	dummy_zeros	finished	GEX2ADT	1	1
openproblems_bmmc_cite_phase2_PM_gex2adt	dummy_zeros	correct_format	GEX2ADT	1	1
openproblems_bmmc_cite_phase2_PM_gex2adt	dummy_zeros	mse	GEX2ADT	0.18761097462418355	0.18761097462418355
openproblems_bmmc_cite_phase2_PM_gex2adt	dummy_zeros	rmse	GEX2ADT	0.43314082539537135	0.43314082539537135
openproblems_bmmc_cite_phase2_PM_gex2adt	dummy_zeros	logp1_mse	GEX2ADT	0.07467420222537256	0.07467420222537256
openproblems_bmmc_cite_phase2_PM_gex2adt	dummy_zeros	logp1_rmse	GEX2ADT	0.15628886777846196	0.15628886777846196
openproblems_bmmc_cite_phase2_PM_gex2adt	dummy_zeros	mae	GEX2ADT	0.3366102279915425	0.3366102279915425
openproblems_bmmc_cite_iid_PM_gex2adt	baseline_linearmodel	finished	GEX2ADT	1	1
openproblems_bmmc_cite_iid_PM_gex2adt	baseline_linearmodel	correct_format	GEX2ADT	1	1
openproblems_bmmc_cite_iid_PM_gex2adt	baseline_linearmodel	mse	GEX2ADT	0.018895350585604057	0.018895350585604057
openproblems_bmmc_cite_iid_PM_gex2adt	baseline_linearmodel	rmse	GEX2ADT	0.13746036005192208	0.13746036005192208
openproblems_bmmc_cite_iid_PM_gex2adt	baseline_linearmodel	logp1_mse	GEX2ADT	0.008129580476384006	0.008129580476384006
openproblems_bmmc_cite_iid_PM_gex2adt	baseline_linearmodel	logp1_rmse	GEX2ADT	0.05593627063843869	0.05593627063843869
openproblems_bmmc_cite_iid_PM_gex2adt	baseline_linearmodel	mae	GEX2ADT	0.09684238916885347	0.09684238916885347
openproblems_bmmc_cite_iid_PM_gex2adt	baseline_linearmodel	mean_pearson_per_cell	GEX2ADT	0.8655661382818479	0.8655661382818479
openproblems_bmmc_cite_iid_PM_gex2adt	baseline_linearmodel	mean_spearman_per_cell	GEX2ADT	0.8301922539996057	0.8301922539996057
openproblems_bmmc_cite_iid_PM_gex2adt	baseline_linearmodel	mean_pearson_per_gene	GEX2ADT	0.7383166746905381	0.7383166746905381
openproblems_bmmc_cite_iid_PM_gex2adt	baseline_linearmodel	mean_spearman_per_gene	GEX2ADT	0.5860281559786883	0.5860281559786883
openproblems_bmmc_cite_iid_PM_gex2adt	baseline_linearmodel	overall_pearson	GEX2ADT	0.86220080791519	0.86220080791519
openproblems_bmmc_cite_iid_PM_gex2adt	baseline_linearmodel	overall_spearman	GEX2ADT	0.8335884544413373	0.8335884544413373
openproblems_bmmc_cite_phase2_PM_gex2adt	dummy_meanpergene	finished	GEX2ADT	1	1
openproblems_bmmc_cite_phase2_PM_gex2adt	dummy_meanpergene	correct_format	GEX2ADT	1	1
openproblems_bmmc_cite_phase2_PM_gex2adt	dummy_meanpergene	mean_pearson_per_cell	GEX2ADT	0.38981028731174	0.38981028731174
openproblems_bmmc_cite_phase2_PM_gex2adt	dummy_meanpergene	mean_spearman_per_cell	GEX2ADT	0.4664848685468211	0.4664848685468211
openproblems_bmmc_cite_phase2_PM_gex2adt	dummy_meanpergene	mean_pearson_per_gene	GEX2ADT	0	0
openproblems_bmmc_cite_phase2_PM_gex2adt	dummy_meanpergene	mean_spearman_per_gene	GEX2ADT	0	0
openproblems_bmmc_cite_phase2_PM_gex2adt	dummy_meanpergene	overall_pearson	GEX2ADT	0.3837943272196938	0.3837943272196938
openproblems_bmmc_cite_phase2_PM_gex2adt	dummy_meanpergene	overall_spearman	GEX2ADT	0.47062724933476324	0.47062724933476324
openproblems_bmmc_cite_phase2_PM_gex2adt	dummy_meanpergene	mse	GEX2ADT	0.06359645665783759	0.06359645665783759
openproblems_bmmc_cite_phase2_PM_gex2adt	dummy_meanpergene	rmse	GEX2ADT	0.2521833790277178	0.2521833790277178
openproblems_bmmc_cite_phase2_PM_gex2adt	dummy_meanpergene	logp1_mse	GEX2ADT	0.02677688182189124	0.02677688182189124
openproblems_bmmc_cite_phase2_PM_gex2adt	dummy_meanpergene	logp1_rmse	GEX2ADT	0.09766793483924868	0.09766793483924868
openproblems_bmmc_cite_phase2_PM_gex2adt	dummy_meanpergene	mae	GEX2ADT	0.18469942285069388	0.18469942285069388
openproblems_bmmc_multiome_phase1_PM_atac2gex	dummy_random	finished	ATAC2GEX	1	1
openproblems_bmmc_multiome_phase1_PM_atac2gex	dummy_random	correct_format	ATAC2GEX	1	1
openproblems_bmmc_multiome_phase1_PM_atac2gex	dummy_random	mse	ATAC2GEX	0.09706033783447861	0.09706033783447861
openproblems_bmmc_multiome_phase1_PM_atac2gex	dummy_random	rmse	ATAC2GEX	0.3115450815443547	0.3115450815443547
openproblems_bmmc_multiome_phase1_PM_atac2gex	dummy_random	logp1_mse	ATAC2GEX	0.040230514236457626	0.040230514236457626
openproblems_bmmc_multiome_phase1_PM_atac2gex	dummy_random	logp1_rmse	ATAC2GEX	0.11778322312268018	0.11778322312268018
openproblems_bmmc_multiome_phase1_PM_atac2gex	dummy_random	mae	ATAC2GEX	0.1634679788269924	0.1634679788269924
openproblems_bmmc_multiome_phase1_PM_gex2atac	dummy_zeros	finished	GEX2ATAC	1	1
openproblems_bmmc_multiome_phase1_PM_gex2atac	dummy_zeros	correct_format	GEX2ATAC	1	1
openproblems_bmmc_multiome_phase1_PM_atac2gex	dummy_random	mean_pearson_per_cell	ATAC2GEX	0.2802961691638049	0.2802961691638049
openproblems_bmmc_multiome_phase1_PM_atac2gex	dummy_random	mean_spearman_per_cell	ATAC2GEX	0.21852122684369843	0.21852122684369843
openproblems_bmmc_multiome_phase1_PM_atac2gex	dummy_random	mean_pearson_per_gene	ATAC2GEX	0.002066767972252331	0.002066767972252331
openproblems_bmmc_multiome_phase1_PM_atac2gex	dummy_random	mean_spearman_per_gene	ATAC2GEX	0.00238987466241762	0.00238987466241762
openproblems_bmmc_multiome_phase1_PM_atac2gex	dummy_random	overall_pearson	ATAC2GEX	0.26923924206033717	0.26923924206033717
openproblems_bmmc_multiome_phase1_PM_atac2gex	dummy_random	overall_spearman	ATAC2GEX	0.20967659324611457	0.20967659324611457
openproblems_bmmc_cite_iid_PM_gex2adt	baseline_knn	mean_pearson_per_cell	GEX2ADT	0.883967530688131	0.883967530688131
openproblems_bmmc_cite_iid_PM_gex2adt	baseline_knn	mean_spearman_per_cell	GEX2ADT	0.8516410173015128	0.8516410173015128
openproblems_bmmc_cite_iid_PM_gex2adt	baseline_knn	mean_pearson_per_gene	GEX2ADT	0.7719477798144438	0.7719477798144438
openproblems_bmmc_cite_iid_PM_gex2adt	baseline_knn	mean_spearman_per_gene	GEX2ADT	0.6210923267988823	0.6210923267988823
openproblems_bmmc_cite_iid_PM_gex2adt	baseline_knn	overall_pearson	GEX2ADT	0.8840146598839222	0.8840146598839222
openproblems_bmmc_cite_iid_PM_gex2adt	baseline_knn	overall_spearman	GEX2ADT	0.8561705865501887	0.8561705865501887
openproblems_bmmc_multiome_phase1_PM_gex2atac	dummy_zeros	mse	GEX2ATAC	0.0861663182649595	0.0861663182649595
openproblems_bmmc_multiome_phase1_PM_gex2atac	dummy_zeros	rmse	GEX2ATAC	0.29354099929134175	0.29354099929134175
openproblems_bmmc_multiome_phase1_PM_gex2atac	dummy_zeros	logp1_mse	GEX2ATAC	0.03589633130648104	0.03589633130648104
openproblems_bmmc_multiome_phase1_PM_gex2atac	dummy_zeros	logp1_rmse	GEX2ATAC	0.11178019840533249	0.11178019840533249
openproblems_bmmc_multiome_phase1_PM_gex2atac	dummy_zeros	mae	GEX2ATAC	0.0861663182649595	0.0861663182649595
openproblems_bmmc_multiome_phase1_PM_gex2atac	dummy_zeros	mean_pearson_per_cell	GEX2ATAC	0	0
openproblems_bmmc_multiome_phase1_PM_gex2atac	dummy_zeros	mean_spearman_per_cell	GEX2ATAC	0	0
openproblems_bmmc_multiome_phase1_PM_gex2atac	dummy_zeros	mean_pearson_per_gene	GEX2ATAC	0	0
openproblems_bmmc_multiome_phase1_PM_gex2atac	dummy_zeros	mean_spearman_per_gene	GEX2ATAC	0	0
openproblems_bmmc_multiome_phase1_PM_gex2atac	dummy_zeros	overall_pearson	GEX2ATAC	NA	-1
openproblems_bmmc_multiome_phase1_PM_gex2atac	dummy_zeros	overall_spearman	GEX2ATAC	NA	-1
openproblems_bmmc_cite_iid_PM_gex2adt	baseline_knn	finished	GEX2ADT	1	1
openproblems_bmmc_cite_iid_PM_gex2adt	baseline_knn	correct_format	GEX2ADT	1	1
openproblems_bmmc_cite_iid_PM_gex2adt	baseline_knn	mse	GEX2ADT	0.01608635142402369	0.01608635142402369
openproblems_bmmc_cite_iid_PM_gex2adt	baseline_knn	rmse	GEX2ADT	0.12683198107742263	0.12683198107742263
openproblems_bmmc_cite_iid_PM_gex2adt	baseline_knn	logp1_mse	GEX2ADT	0.006930617744528211	0.006930617744528211
openproblems_bmmc_cite_iid_PM_gex2adt	baseline_knn	logp1_rmse	GEX2ADT	0.05185916437723457	0.05185916437723457
openproblems_bmmc_cite_iid_PM_gex2adt	baseline_knn	mae	GEX2ADT	0.08691566594856746	0.08691566594856746
openproblems_bmmc_cite_phase2_PM_gex2adt	baseline_randomforest	finished	GEX2ADT	1	1
openproblems_bmmc_cite_phase2_PM_gex2adt	baseline_randomforest	correct_format	GEX2ADT	1	1
openproblems_bmmc_cite_phase2_PM_gex2adt	baseline_randomforest	mean_pearson_per_cell	GEX2ADT	0.809891218079049	0.809891218079049
openproblems_bmmc_cite_phase2_PM_gex2adt	baseline_randomforest	mean_spearman_per_cell	GEX2ADT	0.7946045458736241	0.7946045458736241
openproblems_bmmc_cite_phase2_PM_gex2adt	baseline_randomforest	mean_pearson_per_gene	GEX2ADT	0.6824786268374539	0.6824786268374539
openproblems_bmmc_cite_phase2_PM_gex2adt	baseline_randomforest	mean_spearman_per_gene	GEX2ADT	0.5179209472696457	0.5179209472696457
openproblems_bmmc_cite_phase2_PM_gex2adt	baseline_randomforest	overall_pearson	GEX2ADT	0.8106879657099875	0.8106879657099875
openproblems_bmmc_cite_phase2_PM_gex2adt	baseline_randomforest	overall_spearman	GEX2ADT	0.7974180510091474	0.7974180510091474
openproblems_bmmc_cite_phase2_PM_gex2adt	baseline_randomforest	mse	GEX2ADT	0.025738826645785477	0.025738826645785477
openproblems_bmmc_cite_phase2_PM_gex2adt	baseline_randomforest	rmse	GEX2ADT	0.1604332466971403	0.1604332466971403
openproblems_bmmc_cite_phase2_PM_gex2adt	baseline_randomforest	logp1_mse	GEX2ADT	0.011036794902894798	0.011036794902894798
openproblems_bmmc_cite_phase2_PM_gex2adt	baseline_randomforest	logp1_rmse	GEX2ADT	0.06462016295229935	0.06462016295229935
openproblems_bmmc_cite_phase2_PM_gex2adt	baseline_randomforest	mae	GEX2ADT	0.10735988022121486	0.10735988022121486
openproblems_bmmc_cite_iid_PM_gex2adt	baseline_randomforest	finished	GEX2ADT	1	1
openproblems_bmmc_cite_iid_PM_gex2adt	baseline_randomforest	correct_format	GEX2ADT	1	1
openproblems_bmmc_cite_iid_PM_gex2adt	baseline_randomforest	mse	GEX2ADT	0.01871485499381863	0.01871485499381863
openproblems_bmmc_cite_iid_PM_gex2adt	baseline_randomforest	rmse	GEX2ADT	0.13680224776595826	0.13680224776595826
openproblems_bmmc_cite_iid_PM_gex2adt	baseline_randomforest	logp1_mse	GEX2ADT	0.00805263912664923	0.00805263912664923
openproblems_bmmc_cite_iid_PM_gex2adt	baseline_randomforest	logp1_rmse	GEX2ADT	0.055684923638086095	0.055684923638086095
openproblems_bmmc_cite_iid_PM_gex2adt	baseline_randomforest	mae	GEX2ADT	0.09286406823139143	0.09286406823139143
openproblems_bmmc_cite_iid_PM_gex2adt	baseline_randomforest	mean_pearson_per_cell	GEX2ADT	0.8640085539484996	0.8640085539484996
openproblems_bmmc_cite_iid_PM_gex2adt	baseline_randomforest	mean_spearman_per_cell	GEX2ADT	0.8346501698843759	0.8346501698843759
openproblems_bmmc_cite_iid_PM_gex2adt	baseline_randomforest	mean_pearson_per_gene	GEX2ADT	0.7361545594934581	0.7361545594934581
openproblems_bmmc_cite_iid_PM_gex2adt	baseline_randomforest	mean_spearman_per_gene	GEX2ADT	0.5828776620969796	0.5828776620969796
openproblems_bmmc_cite_iid_PM_gex2adt	baseline_randomforest	overall_pearson	GEX2ADT	0.8636349362706552	0.8636349362706552
openproblems_bmmc_cite_iid_PM_gex2adt	baseline_randomforest	overall_spearman	GEX2ADT	0.8380450682234869	0.8380450682234869
openproblems_bmmc_multiome_phase1_PM_atac2gex	dummy_meanpergene	mse	ATAC2GEX	0.04943936365707757	0.04943936365707757
openproblems_bmmc_multiome_phase1_PM_atac2gex	dummy_meanpergene	rmse	ATAC2GEX	0.22234964280852257	0.22234964280852257
openproblems_bmmc_multiome_phase1_PM_atac2gex	dummy_meanpergene	logp1_mse	ATAC2GEX	0.020957350217222344	0.020957350217222344
openproblems_bmmc_multiome_phase1_PM_atac2gex	dummy_meanpergene	logp1_rmse	ATAC2GEX	0.08719544995145828	0.08719544995145828
openproblems_bmmc_multiome_phase1_PM_atac2gex	dummy_meanpergene	mae	ATAC2GEX	0.14504967533063812	0.14504967533063812
openproblems_bmmc_multiome_phase1_PM_atac2gex	dummy_meanpergene	finished	ATAC2GEX	1	1
openproblems_bmmc_multiome_phase1_PM_atac2gex	dummy_meanpergene	correct_format	ATAC2GEX	1	1
openproblems_bmmc_multiome_phase1_PM_atac2gex	dummy_meanpergene	mean_pearson_per_cell	ATAC2GEX	0.5046832044783461	0.5046832044783461
openproblems_bmmc_multiome_phase1_PM_atac2gex	dummy_meanpergene	mean_spearman_per_cell	ATAC2GEX	0.4262500246810509	0.4262500246810509
openproblems_bmmc_multiome_phase1_PM_atac2gex	dummy_meanpergene	mean_pearson_per_gene	ATAC2GEX	0	0
openproblems_bmmc_multiome_phase1_PM_atac2gex	dummy_meanpergene	mean_spearman_per_gene	ATAC2GEX	0	0
openproblems_bmmc_multiome_phase1_PM_atac2gex	dummy_meanpergene	overall_pearson	ATAC2GEX	0.49777526623507634	0.49777526623507634
openproblems_bmmc_multiome_phase1_PM_atac2gex	dummy_meanpergene	overall_spearman	ATAC2GEX	0.42006950084184025	0.42006950084184025
openproblems_bmmc_cite_iid_PM_gex2adt	dummy_zeros	mean_pearson_per_cell	GEX2ADT	0	0
openproblems_bmmc_cite_iid_PM_gex2adt	dummy_zeros	mean_spearman_per_cell	GEX2ADT	0	0
openproblems_bmmc_cite_iid_PM_gex2adt	dummy_zeros	mean_pearson_per_gene	GEX2ADT	0	0
openproblems_bmmc_cite_iid_PM_gex2adt	dummy_zeros	mean_spearman_per_gene	GEX2ADT	0	0
openproblems_bmmc_cite_iid_PM_gex2adt	dummy_zeros	overall_pearson	GEX2ADT	NA	-1
openproblems_bmmc_cite_iid_PM_gex2adt	dummy_zeros	overall_spearman	GEX2ADT	NA	-1
openproblems_bmmc_cite_iid_PM_gex2adt	dummy_zeros	mse	GEX2ADT	0.18604270836001113	0.18604270836001113
openproblems_bmmc_cite_iid_PM_gex2adt	dummy_zeros	rmse	GEX2ADT	0.4313266840342841	0.4313266840342841
openproblems_bmmc_cite_iid_PM_gex2adt	dummy_zeros	logp1_mse	GEX2ADT	0.0741003278740543	0.0741003278740543
openproblems_bmmc_cite_iid_PM_gex2adt	dummy_zeros	logp1_rmse	GEX2ADT	0.15573876784871382	0.15573876784871382
openproblems_bmmc_cite_iid_PM_gex2adt	dummy_zeros	mae	GEX2ADT	0.3353098999893892	0.3353098999893892
openproblems_bmmc_cite_iid_PM_gex2adt	dummy_zeros	finished	GEX2ADT	1	1
openproblems_bmmc_cite_iid_PM_gex2adt	dummy_zeros	correct_format	GEX2ADT	1	1
openproblems_bmmc_multiome_phase2_PM_gex2atac	dummy_meanpergene	finished	GEX2ATAC	1	1
openproblems_bmmc_multiome_phase2_PM_gex2atac	dummy_meanpergene	correct_format	GEX2ATAC	1	1
openproblems_bmmc_multiome_phase1_PM_atac2gex	baseline_linearmodel	finished	ATAC2GEX	1	1
openproblems_bmmc_multiome_phase1_PM_atac2gex	baseline_linearmodel	correct_format	ATAC2GEX	1	1
openproblems_bmmc_multiome_phase2_PM_gex2atac	dummy_meanpergene	mse	GEX2ATAC	0.09234225610344599	0.09234225610344599
openproblems_bmmc_multiome_phase2_PM_gex2atac	dummy_meanpergene	rmse	GEX2ATAC	0.3038786864909186	0.3038786864909186
openproblems_bmmc_multiome_phase2_PM_gex2atac	dummy_meanpergene	logp1_mse	GEX2ATAC	0.03835873420070203	0.03835873420070203
openproblems_bmmc_multiome_phase2_PM_gex2atac	dummy_meanpergene	logp1_rmse	GEX2ATAC	0.11523718630506241	0.11523718630506241
openproblems_bmmc_multiome_phase2_PM_gex2atac	dummy_meanpergene	mae	GEX2ATAC	0.1740809385706885	0.1740809385706885
openproblems_bmmc_multiome_phase1_PM_atac2gex	baseline_linearmodel	mse	ATAC2GEX	0.04975593590525974	0.04975593590525974
openproblems_bmmc_multiome_phase1_PM_atac2gex	baseline_linearmodel	rmse	ATAC2GEX	0.22306038623041013	0.22306038623041013
openproblems_bmmc_multiome_phase1_PM_atac2gex	baseline_linearmodel	logp1_mse	ATAC2GEX	0.021088339060023335	0.021088339060023335
openproblems_bmmc_multiome_phase1_PM_atac2gex	baseline_linearmodel	logp1_rmse	ATAC2GEX	0.08744790001193972	0.08744790001193972
openproblems_bmmc_multiome_phase1_PM_atac2gex	baseline_linearmodel	mae	ATAC2GEX	0.14518248476471743	0.14518248476471743
openproblems_bmmc_multiome_phase2_PM_gex2atac	dummy_meanpergene	mean_pearson_per_cell	GEX2ATAC	0.3224406189270724	0.3224406189270724
openproblems_bmmc_multiome_phase2_PM_gex2atac	dummy_meanpergene	mean_spearman_per_cell	GEX2ATAC	0.30726041243464053	0.30726041243464053
openproblems_bmmc_multiome_phase2_PM_gex2atac	dummy_meanpergene	mean_pearson_per_gene	GEX2ATAC	0	0
openproblems_bmmc_multiome_phase2_PM_gex2atac	dummy_meanpergene	mean_spearman_per_gene	GEX2ATAC	0	0
openproblems_bmmc_multiome_phase2_PM_gex2atac	dummy_meanpergene	overall_pearson	GEX2ATAC	0.3286233881022614	0.3286233881022614
openproblems_bmmc_multiome_phase2_PM_gex2atac	dummy_meanpergene	overall_spearman	GEX2ATAC	0.31390079134585386	0.31390079134585386
openproblems_bmmc_multiome_phase1_PM_atac2gex	dummy_zeros	mse	ATAC2GEX	0.08109847599009158	0.08109847599009158
openproblems_bmmc_multiome_phase1_PM_atac2gex	dummy_zeros	rmse	ATAC2GEX	0.2847779415440943	0.2847779415440943
openproblems_bmmc_multiome_phase1_PM_atac2gex	dummy_zeros	logp1_mse	ATAC2GEX	0.033865255129270896	0.033865255129270896
openproblems_bmmc_multiome_phase1_PM_atac2gex	dummy_zeros	logp1_rmse	ATAC2GEX	0.10882807156169366	0.10882807156169366
openproblems_bmmc_multiome_phase1_PM_atac2gex	dummy_zeros	mae	ATAC2GEX	0.12525169587143395	0.12525169587143395
openproblems_bmmc_multiome_phase1_PM_atac2gex	dummy_zeros	mean_pearson_per_cell	ATAC2GEX	0	0
openproblems_bmmc_multiome_phase1_PM_atac2gex	dummy_zeros	mean_spearman_per_cell	ATAC2GEX	0	0
openproblems_bmmc_multiome_phase1_PM_atac2gex	dummy_zeros	mean_pearson_per_gene	ATAC2GEX	0	0
openproblems_bmmc_multiome_phase1_PM_atac2gex	dummy_zeros	mean_spearman_per_gene	ATAC2GEX	0	0
openproblems_bmmc_multiome_phase1_PM_atac2gex	dummy_zeros	overall_pearson	ATAC2GEX	NA	-1
openproblems_bmmc_multiome_phase1_PM_atac2gex	dummy_zeros	overall_spearman	ATAC2GEX	NA	-1
openproblems_bmmc_multiome_phase1_PM_atac2gex	dummy_zeros	finished	ATAC2GEX	1	1
openproblems_bmmc_multiome_phase1_PM_atac2gex	dummy_zeros	correct_format	ATAC2GEX	1	1
openproblems_bmmc_multiome_phase1_PM_atac2gex	baseline_linearmodel	mean_pearson_per_cell	ATAC2GEX	0.5015512185902077	0.5015512185902077
openproblems_bmmc_multiome_phase1_PM_atac2gex	baseline_linearmodel	mean_spearman_per_cell	ATAC2GEX	0.4220711369684373	0.4220711369684373
openproblems_bmmc_multiome_phase1_PM_atac2gex	baseline_linearmodel	mean_pearson_per_gene	ATAC2GEX	0.002630365118071205	0.002630365118071205
openproblems_bmmc_multiome_phase1_PM_atac2gex	baseline_linearmodel	mean_spearman_per_gene	ATAC2GEX	0.00145462010802085	0.00145462010802085
openproblems_bmmc_multiome_phase1_PM_atac2gex	baseline_linearmodel	overall_pearson	ATAC2GEX	0.4939347114493753	0.4939347114493753
openproblems_bmmc_multiome_phase1_PM_atac2gex	baseline_linearmodel	overall_spearman	ATAC2GEX	0.415091215711361	0.415091215711361
openproblems_bmmc_multiome_phase2_PM_gex2atac	dummy_zeros	finished	GEX2ATAC	1	1
openproblems_bmmc_multiome_phase2_PM_gex2atac	dummy_zeros	correct_format	GEX2ATAC	1	1
openproblems_bmmc_multiome_phase2_PM_gex2atac	dummy_zeros	mse	GEX2ATAC	0.11654115872816388	0.11654115872816388
openproblems_bmmc_multiome_phase2_PM_gex2atac	dummy_zeros	rmse	GEX2ATAC	0.34138125128390384	0.34138125128390384
openproblems_bmmc_multiome_phase2_PM_gex2atac	dummy_zeros	logp1_mse	GEX2ATAC	0.04787473697222087	0.04787473697222087
openproblems_bmmc_multiome_phase2_PM_gex2atac	dummy_zeros	logp1_rmse	GEX2ATAC	0.12755223183850226	0.12755223183850226
openproblems_bmmc_multiome_phase2_PM_gex2atac	dummy_zeros	mae	GEX2ATAC	0.11654115872816388	0.11654115872816388
openproblems_bmmc_multiome_iid_PM_gex2atac	dummy_meanpergene	finished	GEX2ATAC	1	1
openproblems_bmmc_multiome_iid_PM_gex2atac	dummy_meanpergene	correct_format	GEX2ATAC	1	1
openproblems_bmmc_multiome_phase2_PM_gex2atac	dummy_zeros	mean_pearson_per_cell	GEX2ATAC	0	0
openproblems_bmmc_multiome_phase2_PM_gex2atac	dummy_zeros	mean_spearman_per_cell	GEX2ATAC	0	0
openproblems_bmmc_multiome_phase2_PM_gex2atac	dummy_zeros	mean_pearson_per_gene	GEX2ATAC	0	0
openproblems_bmmc_multiome_phase2_PM_gex2atac	dummy_zeros	mean_spearman_per_gene	GEX2ATAC	0	0
openproblems_bmmc_multiome_phase2_PM_gex2atac	dummy_zeros	overall_pearson	GEX2ATAC	NA	-1
openproblems_bmmc_multiome_phase2_PM_gex2atac	dummy_zeros	overall_spearman	GEX2ATAC	NA	-1
openproblems_bmmc_multiome_iid_PM_gex2atac	dummy_meanpergene	mean_pearson_per_cell	GEX2ATAC	0.311394113081688	0.311394113081688
openproblems_bmmc_multiome_iid_PM_gex2atac	dummy_meanpergene	mean_spearman_per_cell	GEX2ATAC	0.2945287208426286	0.2945287208426286
openproblems_bmmc_multiome_iid_PM_gex2atac	dummy_meanpergene	mean_pearson_per_gene	GEX2ATAC	0	0
openproblems_bmmc_multiome_iid_PM_gex2atac	dummy_meanpergene	mean_spearman_per_gene	GEX2ATAC	0	0
openproblems_bmmc_multiome_iid_PM_gex2atac	dummy_meanpergene	overall_pearson	GEX2ATAC	0.318840330156293	0.318840330156293
openproblems_bmmc_multiome_iid_PM_gex2atac	dummy_meanpergene	overall_spearman	GEX2ATAC	0.30271335898249313	0.30271335898249313
openproblems_bmmc_multiome_phase2_PM_gex2atac	dummy_random	finished	GEX2ATAC	1	1
openproblems_bmmc_multiome_phase2_PM_gex2atac	dummy_random	correct_format	GEX2ATAC	1	1
openproblems_bmmc_multiome_iid_PM_gex2atac	dummy_meanpergene	mse	GEX2ATAC	0.0859731351242985	0.0859731351242985
openproblems_bmmc_multiome_iid_PM_gex2atac	dummy_meanpergene	rmse	GEX2ATAC	0.29321175816173967	0.29321175816173967
openproblems_bmmc_multiome_iid_PM_gex2atac	dummy_meanpergene	logp1_mse	GEX2ATAC	0.03581908177991303	0.03581908177991303
openproblems_bmmc_multiome_iid_PM_gex2atac	dummy_meanpergene	logp1_rmse	GEX2ATAC	0.11166964465707654	0.11166964465707654
openproblems_bmmc_multiome_iid_PM_gex2atac	dummy_meanpergene	mae	GEX2ATAC	0.17149765316167392	0.17149765316167392
openproblems_bmmc_multiome_phase2_PM_gex2atac	dummy_random	mse	GEX2ATAC	0.17400097398517028	0.17400097398517028
openproblems_bmmc_multiome_phase2_PM_gex2atac	dummy_random	rmse	GEX2ATAC	0.41713423976601377	0.41713423976601377
openproblems_bmmc_multiome_phase2_PM_gex2atac	dummy_random	logp1_mse	GEX2ATAC	0.06966845721501086	0.06966845721501086
openproblems_bmmc_multiome_phase2_PM_gex2atac	dummy_random	logp1_rmse	GEX2ATAC	0.15141099126954566	0.15141099126954566
openproblems_bmmc_multiome_phase2_PM_gex2atac	dummy_random	mae	GEX2ATAC	0.17400097398517028	0.17400097398517028
openproblems_bmmc_multiome_phase1_PM_gex2atac	baseline_linearmodel	finished	GEX2ATAC	1	1
openproblems_bmmc_multiome_phase1_PM_gex2atac	baseline_linearmodel	correct_format	GEX2ATAC	1	1
openproblems_bmmc_multiome_phase1_PM_gex2atac	baseline_linearmodel	mean_pearson_per_cell	GEX2ATAC	0.25735763487009994	0.25735763487009994
openproblems_bmmc_multiome_phase1_PM_gex2atac	baseline_linearmodel	mean_spearman_per_cell	GEX2ATAC	0.2437540674548297	0.2437540674548297
openproblems_bmmc_multiome_phase1_PM_gex2atac	baseline_linearmodel	mean_pearson_per_gene	GEX2ATAC	-0.001389923182270778	-0.001389923182270778
openproblems_bmmc_multiome_phase1_PM_gex2atac	baseline_linearmodel	mean_spearman_per_gene	GEX2ATAC	-0.001343191968604352	-0.001343191968604352
openproblems_bmmc_multiome_phase1_PM_gex2atac	baseline_linearmodel	overall_pearson	GEX2ATAC	0.265626606875326	0.265626606875326
openproblems_bmmc_multiome_phase1_PM_gex2atac	baseline_linearmodel	overall_spearman	GEX2ATAC	0.2531782853056628	0.2531782853056628
openproblems_bmmc_multiome_phase1_PM_gex2atac	baseline_linearmodel	mse	GEX2ATAC	0.07366699061369218	0.07366699061369218
openproblems_bmmc_multiome_phase1_PM_gex2atac	baseline_linearmodel	rmse	GEX2ATAC	0.2714166365823808	0.2714166365823808
openproblems_bmmc_multiome_phase1_PM_gex2atac	baseline_linearmodel	logp1_mse	GEX2ATAC	0.030869601135469247	0.030869601135469247
openproblems_bmmc_multiome_phase1_PM_gex2atac	baseline_linearmodel	logp1_rmse	GEX2ATAC	0.10428788990760052	0.10428788990760052
openproblems_bmmc_multiome_phase1_PM_gex2atac	baseline_linearmodel	mae	GEX2ATAC	0.1529374343253456	0.1529374343253456
openproblems_bmmc_multiome_phase2_PM_gex2atac	dummy_random	mean_pearson_per_cell	GEX2ATAC	0.09451831660589034	0.09451831660589034
openproblems_bmmc_multiome_phase2_PM_gex2atac	dummy_random	mean_spearman_per_cell	GEX2ATAC	0.09451831660589032	0.09451831660589032
openproblems_bmmc_multiome_phase2_PM_gex2atac	dummy_random	mean_pearson_per_gene	GEX2ATAC	-1.911950686602705e-4	-1.911950686602705e-4
openproblems_bmmc_multiome_phase2_PM_gex2atac	dummy_random	mean_spearman_per_gene	GEX2ATAC	-1.911950686602515e-4	-1.911950686602515e-4
openproblems_bmmc_multiome_phase2_PM_gex2atac	dummy_random	overall_pearson	GEX2ATAC	0.09882185612339273	0.09882185612339273
openproblems_bmmc_multiome_phase2_PM_gex2atac	dummy_random	overall_spearman	GEX2ATAC	0.09882185612338945	0.09882185612338945
openproblems_bmmc_multiome_iid_PM_gex2atac	dummy_zeros	finished	GEX2ATAC	1	1
openproblems_bmmc_multiome_iid_PM_gex2atac	dummy_zeros	correct_format	GEX2ATAC	1	1
openproblems_bmmc_multiome_iid_PM_gex2atac	dummy_zeros	mean_pearson_per_cell	GEX2ATAC	0	0
openproblems_bmmc_multiome_iid_PM_gex2atac	dummy_zeros	mean_spearman_per_cell	GEX2ATAC	0	0
openproblems_bmmc_multiome_iid_PM_gex2atac	dummy_zeros	mean_pearson_per_gene	GEX2ATAC	0	0
openproblems_bmmc_multiome_iid_PM_gex2atac	dummy_zeros	mean_spearman_per_gene	GEX2ATAC	0	0
openproblems_bmmc_multiome_iid_PM_gex2atac	dummy_zeros	overall_pearson	GEX2ATAC	NA	-1
openproblems_bmmc_multiome_iid_PM_gex2atac	dummy_zeros	overall_spearman	GEX2ATAC	NA	-1
openproblems_bmmc_multiome_iid_PM_gex2atac	dummy_zeros	mse	GEX2ATAC	0.10719162045594578	0.10719162045594578
openproblems_bmmc_multiome_iid_PM_gex2atac	dummy_zeros	rmse	GEX2ATAC	0.32740131407180667	0.32740131407180667
openproblems_bmmc_multiome_iid_PM_gex2atac	dummy_zeros	logp1_mse	GEX2ATAC	0.04422279025979711	0.04422279025979711
openproblems_bmmc_multiome_iid_PM_gex2atac	dummy_zeros	logp1_rmse	GEX2ATAC	0.12300224323961746	0.12300224323961746
openproblems_bmmc_multiome_iid_PM_gex2atac	dummy_zeros	mae	GEX2ATAC	0.10719162045594578	0.10719162045594578
openproblems_bmmc_multiome_phase2_PM_gex2atac	baseline_linearmodel	finished	GEX2ATAC	1	1
openproblems_bmmc_multiome_phase2_PM_gex2atac	baseline_linearmodel	correct_format	GEX2ATAC	1	1
openproblems_bmmc_multiome_iid_PM_gex2atac	dummy_random	mse	GEX2ATAC	0.17241158348736907	0.17241158348736907
openproblems_bmmc_multiome_iid_PM_gex2atac	dummy_random	rmse	GEX2ATAC	0.4152247385300749	0.4152247385300749
openproblems_bmmc_multiome_iid_PM_gex2atac	dummy_random	logp1_mse	GEX2ATAC	0.06908010063964418	0.06908010063964418
openproblems_bmmc_multiome_iid_PM_gex2atac	dummy_random	logp1_rmse	GEX2ATAC	0.15082541155881693	0.15082541155881693
openproblems_bmmc_multiome_iid_PM_gex2atac	dummy_random	mae	GEX2ATAC	0.17241158348736907	0.17241158348736907
openproblems_bmmc_multiome_iid_PM_gex2atac	dummy_random	finished	GEX2ATAC	1	1
openproblems_bmmc_multiome_iid_PM_gex2atac	dummy_random	correct_format	GEX2ATAC	1	1
openproblems_bmmc_multiome_phase2_PM_gex2atac	baseline_linearmodel	mse	GEX2ATAC	0.09158296967088057	0.09158296967088057
openproblems_bmmc_multiome_phase2_PM_gex2atac	baseline_linearmodel	rmse	GEX2ATAC	0.30262678280496025	0.30262678280496025
openproblems_bmmc_multiome_phase2_PM_gex2atac	baseline_linearmodel	logp1_mse	GEX2ATAC	0.03805675140638127	0.03805675140638127
openproblems_bmmc_multiome_phase2_PM_gex2atac	baseline_linearmodel	logp1_rmse	GEX2ATAC	0.11482000329056379	0.11482000329056379
openproblems_bmmc_multiome_phase2_PM_gex2atac	baseline_linearmodel	mae	GEX2ATAC	0.17620009240658063	0.17620009240658063
openproblems_bmmc_multiome_iid_PM_gex2atac	dummy_random	mean_pearson_per_cell	GEX2ATAC	0.09833126264755777	0.09833126264755777
openproblems_bmmc_multiome_iid_PM_gex2atac	dummy_random	mean_spearman_per_cell	GEX2ATAC	0.09833126264755773	0.09833126264755773
openproblems_bmmc_multiome_iid_PM_gex2atac	dummy_random	mean_pearson_per_gene	GEX2ATAC	-3.645091602779525e-4	-3.645091602779525e-4
openproblems_bmmc_multiome_iid_PM_gex2atac	dummy_random	mean_spearman_per_gene	GEX2ATAC	-3.64509160277947e-4	-3.64509160277947e-4
openproblems_bmmc_multiome_iid_PM_gex2atac	dummy_random	overall_pearson	GEX2ATAC	0.10183004333639219	0.10183004333639219
openproblems_bmmc_multiome_iid_PM_gex2atac	dummy_random	overall_spearman	GEX2ATAC	0.10183004333638868	0.10183004333638868
openproblems_bmmc_multiome_iid_PM_gex2atac	baseline_linearmodel	finished	GEX2ATAC	1	1
openproblems_bmmc_multiome_iid_PM_gex2atac	baseline_linearmodel	correct_format	GEX2ATAC	1	1
openproblems_bmmc_multiome_iid_PM_gex2atac	baseline_linearmodel	mean_pearson_per_cell	GEX2ATAC	0.31086544674953204	0.31086544674953204
openproblems_bmmc_multiome_iid_PM_gex2atac	baseline_linearmodel	mean_spearman_per_cell	GEX2ATAC	0.2943956173606125	0.2943956173606125
openproblems_bmmc_multiome_iid_PM_gex2atac	baseline_linearmodel	mean_pearson_per_gene	GEX2ATAC	0.056363660277900116	0.056363660277900116
openproblems_bmmc_multiome_iid_PM_gex2atac	baseline_linearmodel	mean_spearman_per_gene	GEX2ATAC	0.05492982023071262	0.05492982023071262
openproblems_bmmc_multiome_iid_PM_gex2atac	baseline_linearmodel	overall_pearson	GEX2ATAC	0.32665535156219	0.32665535156219
openproblems_bmmc_multiome_iid_PM_gex2atac	baseline_linearmodel	overall_spearman	GEX2ATAC	0.3069487531900398	0.3069487531900398
openproblems_bmmc_multiome_iid_PM_gex2atac	baseline_linearmodel	mse	GEX2ATAC	0.08549278723794085	0.08549278723794085
openproblems_bmmc_multiome_iid_PM_gex2atac	baseline_linearmodel	rmse	GEX2ATAC	0.292391496521258	0.292391496521258
openproblems_bmmc_multiome_iid_PM_gex2atac	baseline_linearmodel	logp1_mse	GEX2ATAC	0.035626942048229165	0.035626942048229165
openproblems_bmmc_multiome_iid_PM_gex2atac	baseline_linearmodel	logp1_rmse	GEX2ATAC	0.11139409185098864	0.11139409185098864
openproblems_bmmc_multiome_iid_PM_gex2atac	baseline_linearmodel	mae	GEX2ATAC	0.16970143402217766	0.16970143402217766
openproblems_bmmc_multiome_phase2_PM_gex2atac	baseline_linearmodel	mean_pearson_per_cell	GEX2ATAC	0.3200348084645734	0.3200348084645734
openproblems_bmmc_multiome_phase2_PM_gex2atac	baseline_linearmodel	mean_spearman_per_cell	GEX2ATAC	0.3057390477216309	0.3057390477216309
openproblems_bmmc_multiome_phase2_PM_gex2atac	baseline_linearmodel	mean_pearson_per_gene	GEX2ATAC	0.04436659601600189	0.04436659601600189
openproblems_bmmc_multiome_phase2_PM_gex2atac	baseline_linearmodel	mean_spearman_per_gene	GEX2ATAC	0.044141953685656904	0.044141953685656904
openproblems_bmmc_multiome_phase2_PM_gex2atac	baseline_linearmodel	overall_pearson	GEX2ATAC	0.3347709457865359	0.3347709457865359
openproblems_bmmc_multiome_phase2_PM_gex2atac	baseline_linearmodel	overall_spearman	GEX2ATAC	0.31739236031966084	0.31739236031966084
openproblems_bmmc_multiome_iid_PM_atac2gex	dummy_random	mse	ATAC2GEX	0.0945794325798517	0.0945794325798517
openproblems_bmmc_multiome_iid_PM_atac2gex	dummy_random	rmse	ATAC2GEX	0.30753769294161604	0.30753769294161604
openproblems_bmmc_multiome_iid_PM_atac2gex	dummy_random	logp1_mse	ATAC2GEX	0.0392472833816762	0.0392472833816762
openproblems_bmmc_multiome_iid_PM_atac2gex	dummy_random	logp1_rmse	ATAC2GEX	0.11645421731032383	0.11645421731032383
openproblems_bmmc_multiome_iid_PM_atac2gex	dummy_random	mae	ATAC2GEX	0.1606231079421506	0.1606231079421506
openproblems_bmmc_multiome_iid_PM_atac2gex	dummy_random	finished	ATAC2GEX	1	1
openproblems_bmmc_multiome_iid_PM_atac2gex	dummy_random	correct_format	ATAC2GEX	1	1
openproblems_bmmc_multiome_iid_PM_atac2gex	dummy_random	mean_pearson_per_cell	ATAC2GEX	0.31009322190341343	0.31009322190341343
openproblems_bmmc_multiome_iid_PM_atac2gex	dummy_random	mean_spearman_per_cell	ATAC2GEX	0.23864562265580236	0.23864562265580236
openproblems_bmmc_multiome_iid_PM_atac2gex	dummy_random	mean_pearson_per_gene	ATAC2GEX	1.2189294855862648e-4	1.2189294855862648e-4
openproblems_bmmc_multiome_iid_PM_atac2gex	dummy_random	mean_spearman_per_gene	ATAC2GEX	6.91593726896245e-4	6.91593726896245e-4
openproblems_bmmc_multiome_iid_PM_atac2gex	dummy_random	overall_pearson	ATAC2GEX	0.299285064352967	0.299285064352967
openproblems_bmmc_multiome_iid_PM_atac2gex	dummy_random	overall_spearman	ATAC2GEX	0.22958527908185294	0.22958527908185294
openproblems_bmmc_multiome_iid_PM_atac2gex	baseline_linearmodel	mse	ATAC2GEX	0.046524221317830974	0.046524221317830974
openproblems_bmmc_multiome_iid_PM_atac2gex	baseline_linearmodel	rmse	ATAC2GEX	0.21569474105279196	0.21569474105279196
openproblems_bmmc_multiome_iid_PM_atac2gex	baseline_linearmodel	logp1_mse	ATAC2GEX	0.01974928433542831	0.01974928433542831
openproblems_bmmc_multiome_iid_PM_atac2gex	baseline_linearmodel	logp1_rmse	ATAC2GEX	0.08482453799652602	0.08482453799652602
openproblems_bmmc_multiome_iid_PM_atac2gex	baseline_linearmodel	mae	ATAC2GEX	0.14013484257628603	0.14013484257628603
openproblems_bmmc_multiome_iid_PM_atac2gex	baseline_linearmodel	finished	ATAC2GEX	1	1
openproblems_bmmc_multiome_iid_PM_atac2gex	baseline_linearmodel	correct_format	ATAC2GEX	1	1
openproblems_bmmc_multiome_iid_PM_atac2gex	baseline_linearmodel	mean_pearson_per_cell	ATAC2GEX	0.569273085576677	0.569273085576677
openproblems_bmmc_multiome_iid_PM_atac2gex	baseline_linearmodel	mean_spearman_per_cell	ATAC2GEX	0.43582076900734906	0.43582076900734906
openproblems_bmmc_multiome_iid_PM_atac2gex	baseline_linearmodel	mean_pearson_per_gene	ATAC2GEX	0.0847189382087407	0.0847189382087407
openproblems_bmmc_multiome_iid_PM_atac2gex	baseline_linearmodel	mean_spearman_per_gene	ATAC2GEX	0.08520603778778545	0.08520603778778545
openproblems_bmmc_multiome_iid_PM_atac2gex	baseline_linearmodel	overall_pearson	ATAC2GEX	0.5600948645511193	0.5600948645511193
openproblems_bmmc_multiome_iid_PM_atac2gex	baseline_linearmodel	overall_spearman	ATAC2GEX	0.42976190489657823	0.42976190489657823
openproblems_bmmc_multiome_iid_PM_atac2gex	dummy_zeros	finished	ATAC2GEX	1	1
openproblems_bmmc_multiome_iid_PM_atac2gex	dummy_zeros	correct_format	ATAC2GEX	1	1
openproblems_bmmc_multiome_iid_PM_atac2gex	dummy_zeros	mse	ATAC2GEX	0.0824011222562612	0.0824011222562612
openproblems_bmmc_multiome_iid_PM_atac2gex	dummy_zeros	rmse	ATAC2GEX	0.28705595666395983	0.28705595666395983
openproblems_bmmc_multiome_iid_PM_atac2gex	dummy_zeros	logp1_mse	ATAC2GEX	0.034388233875457995	0.034388233875457995
openproblems_bmmc_multiome_iid_PM_atac2gex	dummy_zeros	logp1_rmse	ATAC2GEX	0.10959742891068061	0.10959742891068061
openproblems_bmmc_multiome_iid_PM_atac2gex	dummy_zeros	mae	ATAC2GEX	0.12088479540806128	0.12088479540806128
openproblems_bmmc_multiome_iid_PM_atac2gex	dummy_zeros	mean_pearson_per_cell	ATAC2GEX	0	0
openproblems_bmmc_multiome_iid_PM_atac2gex	dummy_zeros	mean_spearman_per_cell	ATAC2GEX	0	0
openproblems_bmmc_multiome_iid_PM_atac2gex	dummy_zeros	mean_pearson_per_gene	ATAC2GEX	0	0
openproblems_bmmc_multiome_iid_PM_atac2gex	dummy_zeros	mean_spearman_per_gene	ATAC2GEX	0	0
openproblems_bmmc_multiome_iid_PM_atac2gex	dummy_zeros	overall_pearson	ATAC2GEX	NA	-1
openproblems_bmmc_multiome_iid_PM_atac2gex	dummy_zeros	overall_spearman	ATAC2GEX	NA	-1
openproblems_bmmc_multiome_phase2_PM_atac2gex	dummy_meanpergene	finished	ATAC2GEX	1	1
openproblems_bmmc_multiome_phase2_PM_atac2gex	dummy_meanpergene	correct_format	ATAC2GEX	1	1
openproblems_bmmc_multiome_phase2_PM_atac2gex	dummy_meanpergene	mse	ATAC2GEX	0.0458754998509976	0.0458754998509976
openproblems_bmmc_multiome_phase2_PM_atac2gex	dummy_meanpergene	rmse	ATAC2GEX	0.21418566677300702	0.21418566677300702
openproblems_bmmc_multiome_phase2_PM_atac2gex	dummy_meanpergene	logp1_mse	ATAC2GEX	0.019479989554402777	0.019479989554402777
openproblems_bmmc_multiome_phase2_PM_atac2gex	dummy_meanpergene	logp1_rmse	ATAC2GEX	0.08428510180481658	0.08428510180481658
openproblems_bmmc_multiome_phase2_PM_atac2gex	dummy_meanpergene	mae	ATAC2GEX	0.14282018850133732	0.14282018850133732
openproblems_bmmc_multiome_phase2_PM_atac2gex	dummy_zeros	finished	ATAC2GEX	1	1
openproblems_bmmc_multiome_phase2_PM_atac2gex	dummy_zeros	correct_format	ATAC2GEX	1	1
openproblems_bmmc_multiome_phase2_PM_atac2gex	dummy_meanpergene	mean_pearson_per_cell	ATAC2GEX	0.5518684003091278	0.5518684003091278
openproblems_bmmc_multiome_phase2_PM_atac2gex	dummy_meanpergene	mean_spearman_per_cell	ATAC2GEX	0.4167191666702747	0.4167191666702747
openproblems_bmmc_multiome_phase2_PM_atac2gex	dummy_meanpergene	mean_pearson_per_gene	ATAC2GEX	0	0
openproblems_bmmc_multiome_phase2_PM_atac2gex	dummy_meanpergene	mean_spearman_per_gene	ATAC2GEX	0	0
openproblems_bmmc_multiome_phase2_PM_atac2gex	dummy_meanpergene	overall_pearson	ATAC2GEX	0.5460861555244685	0.5460861555244685
openproblems_bmmc_multiome_phase2_PM_atac2gex	dummy_meanpergene	overall_spearman	ATAC2GEX	0.4114758786391816	0.4114758786391816
openproblems_bmmc_multiome_phase2_PM_atac2gex	dummy_zeros	mean_pearson_per_cell	ATAC2GEX	0	0
openproblems_bmmc_multiome_phase2_PM_atac2gex	dummy_zeros	mean_spearman_per_cell	ATAC2GEX	0	0
openproblems_bmmc_multiome_phase2_PM_atac2gex	dummy_zeros	mean_pearson_per_gene	ATAC2GEX	0	0
openproblems_bmmc_multiome_phase2_PM_atac2gex	dummy_zeros	mean_spearman_per_gene	ATAC2GEX	0	0
openproblems_bmmc_multiome_phase2_PM_atac2gex	dummy_zeros	overall_pearson	ATAC2GEX	NA	-1
openproblems_bmmc_multiome_phase2_PM_atac2gex	dummy_zeros	overall_spearman	ATAC2GEX	NA	-1
openproblems_bmmc_multiome_phase2_PM_atac2gex	dummy_zeros	mse	ATAC2GEX	0.07991503524205261	0.07991503524205261
openproblems_bmmc_multiome_phase2_PM_atac2gex	dummy_zeros	rmse	ATAC2GEX	0.28269247468238806	0.28269247468238806
openproblems_bmmc_multiome_phase2_PM_atac2gex	dummy_zeros	logp1_mse	ATAC2GEX	0.033389587730394674	0.033389587730394674
openproblems_bmmc_multiome_phase2_PM_atac2gex	dummy_zeros	logp1_rmse	ATAC2GEX	0.10812254682131527	0.10812254682131527
openproblems_bmmc_multiome_phase2_PM_atac2gex	dummy_zeros	mae	ATAC2GEX	0.12068044057723197	0.12068044057723197
openproblems_bmmc_multiome_phase2_PM_atac2gex	dummy_random	finished	ATAC2GEX	1	1
openproblems_bmmc_multiome_phase2_PM_atac2gex	dummy_random	correct_format	ATAC2GEX	1	1
openproblems_bmmc_multiome_phase2_PM_atac2gex	dummy_random	mse	ATAC2GEX	0.09541066137538368	0.09541066137538368
openproblems_bmmc_multiome_phase2_PM_atac2gex	dummy_random	rmse	ATAC2GEX	0.3088861624860908	0.3088861624860908
openproblems_bmmc_multiome_phase2_PM_atac2gex	dummy_random	logp1_mse	ATAC2GEX	0.03957696349980155	0.03957696349980155
openproblems_bmmc_multiome_phase2_PM_atac2gex	dummy_random	logp1_rmse	ATAC2GEX	0.11690187637964296	0.11690187637964296
openproblems_bmmc_multiome_phase2_PM_atac2gex	dummy_random	mae	ATAC2GEX	0.16164779337197044	0.16164779337197044
openproblems_bmmc_multiome_iid_PM_atac2gex	dummy_meanpergene	finished	ATAC2GEX	1	1
openproblems_bmmc_multiome_iid_PM_atac2gex	dummy_meanpergene	correct_format	ATAC2GEX	1	1
openproblems_bmmc_multiome_iid_PM_atac2gex	dummy_meanpergene	mean_pearson_per_cell	ATAC2GEX	0.5540596180455923	0.5540596180455923
openproblems_bmmc_multiome_iid_PM_atac2gex	dummy_meanpergene	mean_spearman_per_cell	ATAC2GEX	0.4268652875940156	0.4268652875940156
openproblems_bmmc_multiome_iid_PM_atac2gex	dummy_meanpergene	mean_pearson_per_gene	ATAC2GEX	0	0
openproblems_bmmc_multiome_iid_PM_atac2gex	dummy_meanpergene	mean_spearman_per_gene	ATAC2GEX	0	0
openproblems_bmmc_multiome_iid_PM_atac2gex	dummy_meanpergene	overall_pearson	ATAC2GEX	0.543607686085389	0.543607686085389
openproblems_bmmc_multiome_iid_PM_atac2gex	dummy_meanpergene	overall_spearman	ATAC2GEX	0.42035009248018357	0.42035009248018357
openproblems_bmmc_multiome_iid_PM_atac2gex	dummy_meanpergene	mse	ATAC2GEX	0.047756721838283854	0.047756721838283854
openproblems_bmmc_multiome_iid_PM_atac2gex	dummy_meanpergene	rmse	ATAC2GEX	0.21853311382553411	0.21853311382553411
openproblems_bmmc_multiome_iid_PM_atac2gex	dummy_meanpergene	logp1_mse	ATAC2GEX	0.02026045571243004	0.02026045571243004
openproblems_bmmc_multiome_iid_PM_atac2gex	dummy_meanpergene	logp1_rmse	ATAC2GEX	0.08583733570071637	0.08583733570071637
openproblems_bmmc_multiome_iid_PM_atac2gex	dummy_meanpergene	mae	ATAC2GEX	0.14265042546143583	0.14265042546143583
openproblems_bmmc_multiome_phase2_PM_atac2gex	dummy_random	mean_pearson_per_cell	ATAC2GEX	0.305240963931424	0.305240963931424
openproblems_bmmc_multiome_phase2_PM_atac2gex	dummy_random	mean_spearman_per_cell	ATAC2GEX	0.23450283080782813	0.23450283080782813
openproblems_bmmc_multiome_phase2_PM_atac2gex	dummy_random	mean_pearson_per_gene	ATAC2GEX	6.303884080442277e-4	6.303884080442277e-4
openproblems_bmmc_multiome_phase2_PM_atac2gex	dummy_random	mean_spearman_per_gene	ATAC2GEX	8.065423887234285e-4	8.065423887234285e-4
openproblems_bmmc_multiome_phase2_PM_atac2gex	dummy_random	overall_pearson	ATAC2GEX	0.29524542829726724	0.29524542829726724
openproblems_bmmc_multiome_phase2_PM_atac2gex	dummy_random	overall_spearman	ATAC2GEX	0.2256637576144965	0.2256637576144965
openproblems_bmmc_multiome_phase2_PM_atac2gex	baseline_linearmodel	finished	ATAC2GEX	1	1
openproblems_bmmc_multiome_phase2_PM_atac2gex	baseline_linearmodel	correct_format	ATAC2GEX	1	1
openproblems_bmmc_multiome_phase2_PM_atac2gex	baseline_linearmodel	mse	ATAC2GEX	0.044001820088563993	0.044001820088563993
openproblems_bmmc_multiome_phase2_PM_atac2gex	baseline_linearmodel	rmse	ATAC2GEX	0.20976610805505258	0.20976610805505258
openproblems_bmmc_multiome_phase2_PM_atac2gex	baseline_linearmodel	logp1_mse	ATAC2GEX	0.018701255805832286	0.018701255805832286
openproblems_bmmc_multiome_phase2_PM_atac2gex	baseline_linearmodel	logp1_rmse	ATAC2GEX	0.08270141345712348	0.08270141345712348
openproblems_bmmc_multiome_phase2_PM_atac2gex	baseline_linearmodel	mae	ATAC2GEX	0.1395591085660031	0.1395591085660031
openproblems_bmmc_multiome_phase2_PM_atac2gex	baseline_linearmodel	mean_pearson_per_cell	ATAC2GEX	0.5766346537364586	0.5766346537364586
openproblems_bmmc_multiome_phase2_PM_atac2gex	baseline_linearmodel	mean_spearman_per_cell	ATAC2GEX	0.4310255320588655	0.4310255320588655
openproblems_bmmc_multiome_phase2_PM_atac2gex	baseline_linearmodel	mean_pearson_per_gene	ATAC2GEX	0.06880992377082204	0.06880992377082204
openproblems_bmmc_multiome_phase2_PM_atac2gex	baseline_linearmodel	mean_spearman_per_gene	ATAC2GEX	0.06365770755667861	0.06365770755667861
openproblems_bmmc_multiome_phase2_PM_atac2gex	baseline_linearmodel	overall_pearson	ATAC2GEX	0.5716324990660194	0.5716324990660194
openproblems_bmmc_multiome_phase2_PM_atac2gex	baseline_linearmodel	overall_spearman	ATAC2GEX	0.42580207973390277	0.42580207973390277
